experiment_id,timestamp_utc,git_head,mode,seed,cpu_affinity,size_bytes,element_count,index_bytes,combined_working_set_bytes,condition,trial,execution_order,repeats,accesses,elapsed_ns,ns_per_access,useful_gib_per_second,checksum_observed,checksum_expected,checksum_pass
ACE-EG01-MEMORY-001,20260911T145240Z,7421ee7f1c9e02acf09577d52e20f588936e9b45,full,20260911,0,16384,2048,16384,32768,C_RANDOM_INDEX,1,1,977,2000896,824900,0.4122653051432958,18.07229593170384,1023458304.0,1023458304.0,True
ACE-EG01-MEMORY-001,20260911T145240Z,7421ee7f1c9e02acf09577d52e20f588936e9b45,full,20260911,0,16384,2048,16384,32768,D_POINTER_CHASE,1,2,977,2000896,2437300,1.2181042892784033,6.116537526797071,1023458304.0,1023458304.0,True
ACE-EG01-MEMORY-001,20260911T145240Z,7421ee7f1c9e02acf09577d52e20f588936e9b45,full,20260911,0,16384,2048,0,16384,A_DIRECT,1,3,977,2000896,779500,0.3895754701893552,19.12487096095253,1023458304.0,1023458304.0,True
ACE-EG01-MEMORY-001,20260911T145240Z,7421ee7f1c9e02acf09577d52e20f588936e9b45,full,20260911,0,16384,2048,16384,32768,D_POINTER_CHASE,2,4,977,2000896,2505300,1.2520890640992834,5.950519663937453,1023458304.0,1023458304.0,True
ACE-EG01-MEMORY-001,20260911T145240Z,7421ee7f1c9e02acf09577d52e20f588936e9b45,full,20260911,0,16384,2048,16384,32768,C_RANDOM_INDEX,2,5,977,2000896,778900,0.3892756045291709,19.139603176354473,1023458304.0,1023458304.0,True
ACE-EG01-MEMORY-001,20260911T145240Z,7421ee7f1c9e02acf09577d52e20f588936e9b45,full,20260911,0,16384,2048,16384,32768,C_RANDOM_INDEX,3,6,977,2000896,782400,0.39102482088024565,19.053983785867203,1023458304.0,1023458304.0,True
ACE-EG01-MEMORY-001,20260911T145240Z,7421ee7f1c9e02acf09577d52e20f588936e9b45,full,20260911,0,16384,2048,16384,32768,D_POINTER_CHASE,3,7,977,2000896,2450100,1.2245014233623337,6.084583043166605,1023458304.0,1023458304.0,True
ACE-EG01-MEMORY-001,20260911T145240Z,7421ee7f1c9e02acf09577d52e20f588936e9b45,full,20260911,0,16384,2048,16384,32768,D_POINTER_CHASE,4,8,977,2000896,2537300,1.2680818993091094,5.875472712750758,1023458304.0,1023458304.0,True
ACE-EG01-MEMORY-001,20260911T145240Z,7421ee7f1c9e02acf09577d52e20f588936e9b45,full,20260911,0,16384,2048,16384,32768,C_RANDOM_INDEX,4,9,977,2000896,774900,0.3872765001279427,19.23840097310943,1023458304.0,1023458304.0,True
ACE-EG01-MEMORY-001,20260911T145240Z,7421ee7f1c9e02acf09577d52e20f588936e9b45,full,20260911,0,16384,2048,16384,32768,D_POINTER_CHASE,5,10,977,2000896,2459800,1.2293492515353122,6.060589037345516,1023458304.0,1023458304.0,True
ACE-EG01-MEMORY-001,20260911T145240Z,7421ee7f1c9e02acf09577d52e20f588936e9b45,full,20260911,0,16384,2048,0,16384,A_DIRECT,2,11,977,2000896,796500,0.3980716638945752,18.716681624686128,1023458304.0,1023458304.0,True
ACE-EG01-MEMORY-001,20260911T145240Z,7421ee7f1c9e02acf09577d52e20f588936e9b45,full,20260911,0,16384,2048,16384,32768,C_RANDOM_INDEX,5,12,977,2000896,781600,0.390625,19.073486328125,1023458304.0,1023458304.0,True
ACE-EG01-MEMORY-001,20260911T145240Z,7421ee7f1c9e02acf09577d52e20f588936e9b45,full,20260911,0,16384,2048,16384,32768,C_RANDOM_INDEX,6,13,977,2000896,788700,0.3941734103121801,18.901783839308354,1023458304.0,1023458304.0,True
ACE-EG01-MEMORY-001,20260911T145240Z,7421ee7f1c9e02acf09577d52e20f588936e9b45,full,20260911,0,16384,2048,16384,32768,C_RANDOM_INDEX,7,14,977,2000896,745900,0.37278299321903785,19.98637473396233,1023458304.0,1023458304.0,True
ACE-EG01-MEMORY-001,20260911T145240Z,7421ee7f1c9e02acf09577d52e20f588936e9b45,full,20260911,0,16384,2048,0,16384,A_DIRECT,3,15,977,2000896,778800,0.3892256269191402,19.142060752519903,1023458304.0,1023458304.0,True
ACE-EG01-MEMORY-001,20260911T145240Z,7421ee7f1c9e02acf09577d52e20f588936e9b45,full,20260911,0,16384,2048,16384,32768,D_POINTER_CHASE,6,16,977,2000896,2365400,1.1821703876663254,6.302459167186311,1023458304.0,1023458304.0,True
ACE-EG01-MEMORY-001,20260911T145240Z,7421ee7f1c9e02acf09577d52e20f588936e9b45,full,20260911,0,16384,2048,16384,32768,B_SEQ_INDEX,1,17,977,2000896,775100,0.3873764553480041,19.233436865001288,1023458304.0,1023458304.0,True
ACE-EG01-MEMORY-001,20260911T145240Z,7421ee7f1c9e02acf09577d52e20f588936e9b45,full,20260911,0,16384,2048,16384,32768,B_SEQ_INDEX,2,18,977,2000896,819900,0.4097664246417605,18.182506298405293,1023458304.0,1023458304.0,True
ACE-EG01-MEMORY-001,20260911T145240Z,7421ee7f1c9e02acf09577d52e20f588936e9b45,full,20260911,0,16384,2048,16384,32768,B_SEQ_INDEX,3,19,977,2000896,779700,0.3896754254094166,19.11996526107798,1023458304.0,1023458304.0,True
ACE-EG01-MEMORY-001,20260911T145240Z,7421ee7f1c9e02acf09577d52e20f588936e9b45,full,20260911,0,16384,2048,0,16384,A_DIRECT,4,20,977,2000896,781100,0.3903751119498465,19.085695703575087,1023458304.0,1023458304.0,True
ACE-EG01-MEMORY-001,20260911T145240Z,7421ee7f1c9e02acf09577d52e20f588936e9b45,full,20260911,0,16384,2048,16384,32768,B_SEQ_INDEX,4,21,977,2000896,774100,0.38687667924769703,19.258283056533394,1023458304.0,1023458304.0,True
ACE-EG01-MEMORY-001,20260911T145240Z,7421ee7f1c9e02acf09577d52e20f588936e9b45,full,20260911,0,16384,2048,16384,32768,B_SEQ_INDEX,5,22,977,2000896,815100,0.4073674993602866,18.28958031414857,1023458304.0,1023458304.0,True
ACE-EG01-MEMORY-001,20260911T145240Z,7421ee7f1c9e02acf09577d52e20f588936e9b45,full,20260911,0,16384,2048,16384,32768,D_POINTER_CHASE,7,23,977,2000896,2440800,1.219853505629478,6.107766680622133,1023458304.0,1023458304.0,True
ACE-EG01-MEMORY-001,20260911T145240Z,7421ee7f1c9e02acf09577d52e20f588936e9b45,full,20260911,0,16384,2048,16384,32768,D_POINTER_CHASE,8,24,977,2000896,5030200,2.5139737397645856,2.9636668351283246,1023458304.0,1023458304.0,True
ACE-EG01-MEMORY-001,20260911T145240Z,7421ee7f1c9e02acf09577d52e20f588936e9b45,full,20260911,0,16384,2048,16384,32768,B_SEQ_INDEX,6,25,977,2000896,783600,0.39162455220061415,19.02480463764995,1023458304.0,1023458304.0,True
ACE-EG01-MEMORY-001,20260911T145240Z,7421ee7f1c9e02acf09577d52e20f588936e9b45,full,20260911,0,16384,2048,16384,32768,B_SEQ_INDEX,7,26,977,2000896,906000,0.45279714687819855,16.45456613031181,1023458304.0,1023458304.0,True
ACE-EG01-MEMORY-001,20260911T145240Z,7421ee7f1c9e02acf09577d52e20f588936e9b45,full,20260911,0,16384,2048,0,16384,A_DIRECT,5,27,977,2000896,794300,0.3969721564738997,18.768521860836586,1023458304.0,1023458304.0,True
ACE-EG01-MEMORY-001,20260911T145240Z,7421ee7f1c9e02acf09577d52e20f588936e9b45,full,20260911,0,16384,2048,16384,32768,B_SEQ_INDEX,8,28,977,2000896,813600,0.406617835209826,18.323300041866396,1023458304.0,1023458304.0,True
ACE-EG01-MEMORY-001,20260911T145240Z,7421ee7f1c9e02acf09577d52e20f588936e9b45,full,20260911,0,16384,2048,0,16384,A_DIRECT,6,29,977,2000896,777600,0.38862589559877175,19.17160096973058,1023458304.0,1023458304.0,True
ACE-EG01-MEMORY-001,20260911T145240Z,7421ee7f1c9e02acf09577d52e20f588936e9b45,full,20260911,0,16384,2048,16384,32768,C_RANDOM_INDEX,8,30,977,2000896,779200,0.38942553735926305,19.132234232626413,1023458304.0,1023458304.0,True
ACE-EG01-MEMORY-001,20260911T145240Z,7421ee7f1c9e02acf09577d52e20f588936e9b45,full,20260911,0,16384,2048,16384,32768,B_SEQ_INDEX,9,31,977,2000896,774800,0.38722652251791195,19.240883988206633,1023458304.0,1023458304.0,True
ACE-EG01-MEMORY-001,20260911T145240Z,7421ee7f1c9e02acf09577d52e20f588936e9b45,full,20260911,0,16384,2048,0,16384,A_DIRECT,7,32,977,2000896,778600,0.3891256716990788,19.146977798693168,1023458304.0,1023458304.0,True
ACE-EG01-MEMORY-001,20260911T145240Z,7421ee7f1c9e02acf09577d52e20f588936e9b45,full,20260911,0,16384,2048,0,16384,A_DIRECT,8,33,977,2000896,915100,0.4573451093909928,16.29093750853732,1023458304.0,1023458304.0,True
ACE-EG01-MEMORY-001,20260911T145240Z,7421ee7f1c9e02acf09577d52e20f588936e9b45,full,20260911,0,16384,2048,16384,32768,D_POINTER_CHASE,9,34,977,2000896,2458200,1.228549609774821,6.064533770263812,1023458304.0,1023458304.0,True
ACE-EG01-MEMORY-001,20260911T145240Z,7421ee7f1c9e02acf09577d52e20f588936e9b45,full,20260911,0,16384,2048,0,16384,A_DIRECT,9,35,977,2000896,777800,0.38872585081883315,19.166671270329775,1023458304.0,1023458304.0,True
ACE-EG01-MEMORY-001,20260911T145240Z,7421ee7f1c9e02acf09577d52e20f588936e9b45,full,20260911,0,16384,2048,16384,32768,C_RANDOM_INDEX,9,36,977,2000896,883200,0.4414022517911975,16.879344332045402,1023458304.0,1023458304.0,True
ACE-EG01-MEMORY-001,20260911T145240Z,7421ee7f1c9e02acf09577d52e20f588936e9b45,full,20260911,0,32768,4096,0,32768,A_DIRECT,1,1,489,2002944,778000,0.3884282336400818,19.181356944890744,1024505856.0,1024505856.0,True
ACE-EG01-MEMORY-001,20260911T145240Z,7421ee7f1c9e02acf09577d52e20f588936e9b45,full,20260911,0,32768,4096,0,32768,A_DIRECT,2,2,489,2002944,901400,0.4500375447341513,16.555464503134015,1024505856.0,1024505856.0,True
ACE-EG01-MEMORY-001,20260911T145240Z,7421ee7f1c9e02acf09577d52e20f588936e9b45,full,20260911,0,32768,4096,32768,65536,B_SEQ_INDEX,1,3,489,2002944,834200,0.4164869312372188,17.88911016917406,1024505856.0,1024505856.0,True
ACE-EG01-MEMORY-001,20260911T145240Z,7421ee7f1c9e02acf09577d52e20f588936e9b45,full,20260911,0,32768,4096,32768,65536,C_RANDOM_INDEX,1,4,489,2002944,824400,0.4115941334355828,18.10176577283479,1024505856.0,1024505856.0,True
ACE-EG01-MEMORY-001,20260911T145240Z,7421ee7f1c9e02acf09577d52e20f588936e9b45,full,20260911,0,32768,4096,0,32768,A_DIRECT,3,5,489,2002944,762300,0.3805897718558282,19.576407848780008,1024505856.0,1024505856.0,True
ACE-EG01-MEMORY-001,20260911T145240Z,7421ee7f1c9e02acf09577d52e20f588936e9b45,full,20260911,0,32768,4096,32768,65536,B_SEQ_INDEX,2,6,489,2002944,841100,0.419931860301636,17.74235608503745,1024505856.0,1024505856.0,True
ACE-EG01-MEMORY-001,20260911T145240Z,7421ee7f1c9e02acf09577d52e20f588936e9b45,full,20260911,0,32768,4096,32768,65536,B_SEQ_INDEX,3,7,489,2002944,779200,0.3890273517382413,19.151816867460216,1024505856.0,1024505856.0,True
ACE-EG01-MEMORY-001,20260911T145240Z,7421ee7f1c9e02acf09577d52e20f588936e9b45,full,20260911,0,32768,4096,32768,65536,C_RANDOM_INDEX,2,8,489,2002944,757200,0.3780435199386503,19.708261625891442,1024505856.0,1024505856.0,True
ACE-EG01-MEMORY-001,20260911T145240Z,7421ee7f1c9e02acf09577d52e20f588936e9b45,full,20260911,0,32768,4096,0,32768,A_DIRECT,4,9,489,2002944,750700,0.374798296906953,19.878907290695352,1024505856.0,1024505856.0,True
ACE-EG01-MEMORY-001,20260911T145240Z,7421ee7f1c9e02acf09577d52e20f588936e9b45,full,20260911,0,32768,4096,32768,65536,B_SEQ_INDEX,4,10,489,2002944,764900,0.38188786106850714,19.509864953752125,1024505856.0,1024505856.0,True
ACE-EG01-MEMORY-001,20260911T145240Z,7421ee7f1c9e02acf09577d52e20f588936e9b45,full,20260911,0,32768,4096,32768,65536,D_POINTER_CHASE,1,11,489,2002944,3243600,1.6194162193251533,4.6007817558037365,1024505856.0,1024505856.0,True
ACE-EG01-MEMORY-001,20260911T145240Z,7421ee7f1c9e02acf09577d52e20f588936e9b45,full,20260911,0,32768,4096,32768,65536,C_RANDOM_INDEX,3,12,489,2002944,747700,0.3733005016615542,19.95866751788819,1024505856.0,1024505856.0,True
ACE-EG01-MEMORY-001,20260911T145240Z,7421ee7f1c9e02acf09577d52e20f588936e9b45,full,20260911,0,32768,4096,32768,65536,D_POINTER_CHASE,2,13,489,2002944,3358600,1.6768317037321063,4.443248884393795,1024505856.0,1024505856.0,True
ACE-EG01-MEMORY-001,20260911T145240Z,7421ee7f1c9e02acf09577d52e20f588936e9b45,full,20260911,0,32768,4096,32768,65536,B_SEQ_INDEX,5,14,489,2002944,767400,0.38313602377300615,19.44630662382721,1024505856.0,1024505856.0,True
ACE-EG01-MEMORY-001,20260911T145240Z,7421ee7f1c9e02acf09577d52e20f588936e9b45,full,20260911,0,32768,4096,32768,65536,D_POINTER_CHASE,3,15,489,2002944,3456700,1.7258096082566463,4.317150954125322,1024505856.0,1024505856.0,True
ACE-EG01-MEMORY-001,20260911T145240Z,7421ee7f1c9e02acf09577d52e20f588936e9b45,full,20260911,0,32768,4096,32768,65536,C_RANDOM_INDEX,4,16,489,2002944,753600,0.3762461656441718,19.802409372511942,1024505856.0,1024505856.0,True
ACE-EG01-MEMORY-001,20260911T145240Z,7421ee7f1c9e02acf09577d52e20f588936e9b45,full,20260911,0,32768,4096,32768,65536,B_SEQ_INDEX,6,17,489,2002944,766600,0.38273661170756645,19.46660018670102,1024505856.0,1024505856.0,True
ACE-EG01-MEMORY-001,20260911T145240Z,7421ee7f1c9e02acf09577d52e20f588936e9b45,full,20260911,0,32768,4096,0,32768,A_DIRECT,5,18,489,2002944,869700,0.4342108416411043,17.15890042902725,1024505856.0,1024505856.0,True
ACE-EG01-MEMORY-001,20260911T145240Z,7421ee7f1c9e02acf09577d52e20f588936e9b45,full,20260911,0,32768,4096,0,32768,A_DIRECT,6,19,489,2002944,780800,0.38982617586912066,19.11257134109247,1024505856.0,1024505856.0,True
ACE-EG01-MEMORY-001,20260911T145240Z,7421ee7f1c9e02acf09577d52e20f588936e9b45,full,20260911,0,32768,4096,32768,65536,D_POINTER_CHASE,4,20,489,2002944,3275100,1.6351430694018405,4.556531312975176,1024505856.0,1024505856.0,True
ACE-EG01-MEMORY-001,20260911T145240Z,7421ee7f1c9e02acf09577d52e20f588936e9b45,full,20260911,0,32768,4096,32768,65536,C_RANDOM_INDEX,5,21,489,2002944,804100,0.40145905227505113,18.558756004383785,1024505856.0,1024505856.0,True
ACE-EG01-MEMORY-001,20260911T145240Z,7421ee7f1c9e02acf09577d52e20f588936e9b45,full,20260911,0,32768,4096,32768,65536,D_POINTER_CHASE,5,22,489,2002944,3319400,1.6572605125255624,4.495720823981744,1024505856.0,1024505856.0,True
ACE-EG01-MEMORY-001,20260911T145240Z,7421ee7f1c9e02acf09577d52e20f588936e9b45,full,20260911,0,32768,4096,32768,65536,D_POINTER_CHASE,6,23,489,2002944,3252500,1.6238596785531698,4.588192376056879,1024505856.0,1024505856.0,True
ACE-EG01-MEMORY-001,20260911T145240Z,7421ee7f1c9e02acf09577d52e20f588936e9b45,full,20260911,0,32768,4096,32768,65536,D_POINTER_CHASE,7,24,489,2002944,3308900,1.6520182291666667,4.509986915024631,1024505856.0,1024505856.0,True
ACE-EG01-MEMORY-001,20260911T145240Z,7421ee7f1c9e02acf09577d52e20f588936e9b45,full,20260911,0,32768,4096,0,32768,A_DIRECT,7,25,489,2002944,779800,0.38932691078732107,19.137080922191586,1024505856.0,1024505856.0,True
ACE-EG01-MEMORY-001,20260911T145240Z,7421ee7f1c9e02acf09577d52e20f588936e9b45,full,20260911,0,32768,4096,32768,65536,C_RANDOM_INDEX,6,26,489,2002944,792100,0.395467871293456,18.839913777458655,1024505856.0,1024505856.0,True
ACE-EG01-MEMORY-001,20260911T145240Z,7421ee7f1c9e02acf09577d52e20f588936e9b45,full,20260911,0,32768,4096,0,32768,A_DIRECT,8,27,489,2002944,774300,0.38658095283742333,19.27301524360713,1024505856.0,1024505856.0,True
ACE-EG01-MEMORY-001,20260911T145240Z,7421ee7f1c9e02acf09577d52e20f588936e9b45,full,20260911,0,32768,4096,32768,65536,C_RANDOM_INDEX,7,28,489,2002944,755600,0.377244695807771,19.74999431329407,1024505856.0,1024505856.0,True
ACE-EG01-MEMORY-001,20260911T145240Z,7421ee7f1c9e02acf09577d52e20f588936e9b45,full,20260911,0,32768,4096,0,32768,A_DIRECT,9,29,489,2002944,745300,0.37210226546523517,20.02293801573192,1024505856.0,1024505856.0,True
ACE-EG01-MEMORY-001,20260911T145240Z,7421ee7f1c9e02acf09577d52e20f588936e9b45,full,20260911,0,32768,4096,32768,65536,C_RANDOM_INDEX,8,30,489,2002944,792000,0.3954179447852761,18.842292554450758,1024505856.0,1024505856.0,True
ACE-EG01-MEMORY-001,20260911T145240Z,7421ee7f1c9e02acf09577d52e20f588936e9b45,full,20260911,0,32768,4096,32768,65536,C_RANDOM_INDEX,9,31,489,2002944,781600,0.3902255879345603,19.093008832043243,1024505856.0,1024505856.0,True
ACE-EG01-MEMORY-001,20260911T145240Z,7421ee7f1c9e02acf09577d52e20f588936e9b45,full,20260911,0,32768,4096,32768,65536,B_SEQ_INDEX,7,32,489,2002944,752700,0.3757968270705521,19.826087024212832,1024505856.0,1024505856.0,True
ACE-EG01-MEMORY-001,20260911T145240Z,7421ee7f1c9e02acf09577d52e20f588936e9b45,full,20260911,0,32768,4096,32768,65536,B_SEQ_INDEX,8,33,489,2002944,752900,0.37589668008691207,19.820820431830256,1024505856.0,1024505856.0,True
ACE-EG01-MEMORY-001,20260911T145240Z,7421ee7f1c9e02acf09577d52e20f588936e9b45,full,20260911,0,32768,4096,32768,65536,D_POINTER_CHASE,8,34,489,2002944,3323000,1.6590578668200409,4.490850347013241,1024505856.0,1024505856.0,True
ACE-EG01-MEMORY-001,20260911T145240Z,7421ee7f1c9e02acf09577d52e20f588936e9b45,full,20260911,0,32768,4096,32768,65536,D_POINTER_CHASE,9,35,489,2002944,3373100,1.6840710474182004,4.424148617925647,1024505856.0,1024505856.0,True
ACE-EG01-MEMORY-001,20260911T145240Z,7421ee7f1c9e02acf09577d52e20f588936e9b45,full,20260911,0,32768,4096,32768,65536,B_SEQ_INDEX,9,36,489,2002944,789600,0.39421970858895705,18.899563960391337,1024505856.0,1024505856.0,True
ACE-EG01-MEMORY-001,20260911T145240Z,7421ee7f1c9e02acf09577d52e20f588936e9b45,full,20260911,0,65536,8192,65536,131072,B_SEQ_INDEX,1,1,245,2007040,811300,0.4042271205357143,18.431669273080242,1026600960.0,1026600960.0,True
ACE-EG01-MEMORY-001,20260911T145240Z,7421ee7f1c9e02acf09577d52e20f588936e9b45,full,20260911,0,65536,8192,65536,131072,C_RANDOM_INDEX,1,2,245,2007040,813100,0.40512396364795916,18.39086616806051,1026600960.0,1026600960.0,True
ACE-EG01-MEMORY-001,20260911T145240Z,7421ee7f1c9e02acf09577d52e20f588936e9b45,full,20260911,0,65536,8192,65536,131072,C_RANDOM_INDEX,2,3,245,2007040,789800,0.39351482780612246,18.93341767694353,1026600960.0,1026600960.0,True
ACE-EG01-MEMORY-001,20260911T145240Z,7421ee7f1c9e02acf09577d52e20f588936e9b45,full,20260911,0,65536,8192,0,65536,A_DIRECT,1,4,245,2007040,780500,0.38888113839285715,19.15901765695067,1026600960.0,1026600960.0,True
ACE-EG01-MEMORY-001,20260911T145240Z,7421ee7f1c9e02acf09577d52e20f588936e9b45,full,20260911,0,65536,8192,65536,131072,D_POINTER_CHASE,1,5,245,2007040,4831300,2.407176737882653,3.0951531226067517,1026600960.0,1026600960.0,True
ACE-EG01-MEMORY-001,20260911T145240Z,7421ee7f1c9e02acf09577d52e20f588936e9b45,full,20260911,0,65536,8192,65536,131072,B_SEQ_INDEX,2,6,245,2007040,782100,0.38967833227040816,19.119822632975325,1026600960.0,1026600960.0,True
ACE-EG01-MEMORY-001,20260911T145240Z,7421ee7f1c9e02acf09577d52e20f588936e9b45,full,20260911,0,65536,8192,0,65536,A_DIRECT,2,7,245,2007040,781800,0.3895288584183674,19.127159479726274,1026600960.0,1026600960.0,True
ACE-EG01-MEMORY-001,20260911T145240Z,7421ee7f1c9e02acf09577d52e20f588936e9b45,full,20260911,0,65536,8192,65536,131072,D_POINTER_CHASE,2,8,245,2007040,4779500,2.381367586096939,3.1286982490323254,1026600960.0,1026600960.0,True
ACE-EG01-MEMORY-001,20260911T145240Z,7421ee7f1c9e02acf09577d52e20f588936e9b45,full,20260911,0,65536,8192,65536,131072,B_SEQ_INDEX,3,9,245,2007040,818400,0.4077646683673469,18.27176598393206,1026600960.0,1026600960.0,True
ACE-EG01-MEMORY-001,20260911T145240Z,7421ee7f1c9e02acf09577d52e20f588936e9b45,full,20260911,0,65536,8192,65536,131072,D_POINTER_CHASE,3,10,245,2007040,4914700,2.44873046875,3.0426299227318045,1026600960.0,1026600960.0,True
ACE-EG01-MEMORY-001,20260911T145240Z,7421ee7f1c9e02acf09577d52e20f588936e9b45,full,20260911,0,65536,8192,0,65536,A_DIRECT,3,11,245,2007040,776800,0.3870376275510204,19.250274563916065,1026600960.0,1026600960.0,True
ACE-EG01-MEMORY-001,20260911T145240Z,7421ee7f1c9e02acf09577d52e20f588936e9b45,full,20260911,0,65536,8192,65536,131072,B_SEQ_INDEX,4,12,245,2007040,787000,0.39211973852040816,19.00077926461245,1026600960.0,1026600960.0,True
ACE-EG01-MEMORY-001,20260911T145240Z,7421ee7f1c9e02acf09577d52e20f588936e9b45,full,20260911,0,65536,8192,65536,131072,C_RANDOM_INDEX,3,13,245,2007040,931400,0.46406648596938777,16.054985270828862,1026600960.0,1026600960.0,True
ACE-EG01-MEMORY-001,20260911T145240Z,7421ee7f1c9e02acf09577d52e20f588936e9b45,full,20260911,0,65536,8192,65536,131072,D_POINTER_CHASE,4,14,245,2007040,4761000,2.372150031887755,3.1408555516173076,1026600960.0,1026600960.0,True
ACE-EG01-MEMORY-001,20260911T145240Z,7421ee7f1c9e02acf09577d52e20f588936e9b45,full,20260911,0,65536,8192,65536,131072,C_RANDOM_INDEX,4,15,245,2007040,792900,0.39505939094387754,18.85939372083491,1026600960.0,1026600960.0,True
ACE-EG01-MEMORY-001,20260911T145240Z,7421ee7f1c9e02acf09577d52e20f588936e9b45,full,20260911,0,65536,8192,65536,131072,D_POINTER_CHASE,5,16,245,2007040,4768300,2.375787228954082,3.1360470778369653,1026600960.0,1026600960.0,True
ACE-EG01-MEMORY-001,20260911T145240Z,7421ee7f1c9e02acf09577d52e20f588936e9b45,full,20260911,0,65536,8192,0,65536,A_DIRECT,4,17,245,2007040,792300,0.3947604432397959,18.873675730468257,1026600960.0,1026600960.0,True
ACE-EG01-MEMORY-001,20260911T145240Z,7421ee7f1c9e02acf09577d52e20f588936e9b45,full,20260911,0,65536,8192,65536,131072,C_RANDOM_INDEX,5,18,245,2007040,880600,0.43875558035714285,16.981164298489666,1026600960.0,1026600960.0,True
ACE-EG01-MEMORY-001,20260911T145240Z,7421ee7f1c9e02acf09577d52e20f588936e9b45,full,20260911,0,65536,8192,65536,131072,D_POINTER_CHASE,6,19,245,2007040,4854400,2.4186862244897958,3.080424621219924,1026600960.0,1026600960.0,True
ACE-EG01-MEMORY-001,20260911T145240Z,7421ee7f1c9e02acf09577d52e20f588936e9b45,full,20260911,0,65536,8192,65536,131072,D_POINTER_CHASE,7,20,245,2007040,4766600,2.3749402104591835,3.1371655438362773,1026600960.0,1026600960.0,True
ACE-EG01-MEMORY-001,20260911T145240Z,7421ee7f1c9e02acf09577d52e20f588936e9b45,full,20260911,0,65536,8192,65536,131072,B_SEQ_INDEX,5,21,245,2007040,783800,0.39052535076530615,19.07835325497576,1026600960.0,1026600960.0,True
ACE-EG01-MEMORY-001,20260911T145240Z,7421ee7f1c9e02acf09577d52e20f588936e9b45,full,20260911,0,65536,8192,0,65536,A_DIRECT,5,22,245,2007040,781100,0.38918008609693877,19.144300705735503,1026600960.0,1026600960.0,True
ACE-EG01-MEMORY-001,20260911T145240Z,7421ee7f1c9e02acf09577d52e20f588936e9b45,full,20260911,0,65536,8192,0,65536,A_DIRECT,6,23,245,2007040,781700,0.3894790338010204,19.129606346744275,1026600960.0,1026600960.0,True
ACE-EG01-MEMORY-001,20260911T145240Z,7421ee7f1c9e02acf09577d52e20f588936e9b45,full,20260911,0,65536,8192,0,65536,A_DIRECT,7,24,245,2007040,788400,0.3928172831632653,18.967038662163876,1026600960.0,1026600960.0,True
ACE-EG01-MEMORY-001,20260911T145240Z,7421ee7f1c9e02acf09577d52e20f588936e9b45,full,20260911,0,65536,8192,65536,131072,D_POINTER_CHASE,8,25,245,2007040,4842700,2.4128567442602042,3.0878669505131433,1026600960.0,1026600960.0,True
ACE-EG01-MEMORY-001,20260911T145240Z,7421ee7f1c9e02acf09577d52e20f588936e9b45,full,20260911,0,65536,8192,65536,131072,B_SEQ_INDEX,6,26,245,2007040,813900,0.4055225605867347,18.37278938598108,1026600960.0,1026600960.0,True
ACE-EG01-MEMORY-001,20260911T145240Z,7421ee7f1c9e02acf09577d52e20f588936e9b45,full,20260911,0,65536,8192,0,65536,A_DIRECT,8,27,245,2007040,797300,0.39725167410714285,18.75531579236172,1026600960.0,1026600960.0,True
ACE-EG01-MEMORY-001,20260911T145240Z,7421ee7f1c9e02acf09577d52e20f588936e9b45,full,20260911,0,65536,8192,65536,131072,C_RANDOM_INDEX,6,28,245,2007040,876800,0.43686224489795916,17.054759672958486,1026600960.0,1026600960.0,True
ACE-EG01-MEMORY-001,20260911T145240Z,7421ee7f1c9e02acf09577d52e20f588936e9b45,full,20260911,0,65536,8192,0,65536,A_DIRECT,9,29,245,2007040,781500,0.38937938456632654,19.134501959373,1026600960.0,1026600960.0,True
ACE-EG01-MEMORY-001,20260911T145240Z,7421ee7f1c9e02acf09577d52e20f588936e9b45,full,20260911,0,65536,8192,65536,131072,D_POINTER_CHASE,9,30,245,2007040,4759400,2.3713528380102042,3.141911434477035,1026600960.0,1026600960.0,True
ACE-EG01-MEMORY-001,20260911T145240Z,7421ee7f1c9e02acf09577d52e20f588936e9b45,full,20260911,0,65536,8192,65536,131072,B_SEQ_INDEX,7,31,245,2007040,782500,0.3898776307397959,19.11004892172524,1026600960.0,1026600960.0,True
ACE-EG01-MEMORY-001,20260911T145240Z,7421ee7f1c9e02acf09577d52e20f588936e9b45,full,20260911,0,65536,8192,65536,131072,C_RANDOM_INDEX,7,32,245,2007040,782400,0.389827806122449,19.11249141264059,1026600960.0,1026600960.0,True
ACE-EG01-MEMORY-001,20260911T145240Z,7421ee7f1c9e02acf09577d52e20f588936e9b45,full,20260911,0,65536,8192,65536,131072,C_RANDOM_INDEX,8,33,245,2007040,786100,0.3916713169642857,19.022533114425645,1026600960.0,1026600960.0,True
ACE-EG01-MEMORY-001,20260911T145240Z,7421ee7f1c9e02acf09577d52e20f588936e9b45,full,20260911,0,65536,8192,65536,131072,B_SEQ_INDEX,8,34,245,2007040,891400,0.44413663903061223,16.775424367567872,1026600960.0,1026600960.0,True
ACE-EG01-MEMORY-001,20260911T145240Z,7421ee7f1c9e02acf09577d52e20f588936e9b45,full,20260911,0,65536,8192,65536,131072,C_RANDOM_INDEX,9,35,245,2007040,785700,0.39147201849489793,19.032217489181622,1026600960.0,1026600960.0,True
ACE-EG01-MEMORY-001,20260911T145240Z,7421ee7f1c9e02acf09577d52e20f588936e9b45,full,20260911,0,65536,8192,65536,131072,B_SEQ_INDEX,9,36,245,2007040,790700,0.3939632493622449,18.91186705608954,1026600960.0,1026600960.0,True
ACE-EG01-MEMORY-001,20260911T145240Z,7421ee7f1c9e02acf09577d52e20f588936e9b45,full,20260911,0,262144,32768,262144,524288,D_POINTER_CHASE,1,1,62,2031616,7559100,3.720732658140121,2.002449861756029,1039171584.0,1039171584.0,True
ACE-EG01-MEMORY-001,20260911T145240Z,7421ee7f1c9e02acf09577d52e20f588936e9b45,full,20260911,0,262144,32768,262144,524288,C_RANDOM_INDEX,1,2,62,2031616,956900,0.4710043630292339,15.818495924339011,1039171584.0,1039171584.0,True
ACE-EG01-MEMORY-001,20260911T145240Z,7421ee7f1c9e02acf09577d52e20f588936e9b45,full,20260911,0,262144,32768,0,262144,A_DIRECT,1,3,62,2031616,796500,0.39205243510584675,19.004041117388574,1039171584.0,1039171584.0,True
ACE-EG01-MEMORY-001,20260911T145240Z,7421ee7f1c9e02acf09577d52e20f588936e9b45,full,20260911,0,262144,32768,262144,524288,B_SEQ_INDEX,1,4,62,2031616,950600,0.46790338331653225,15.923331317062907,1039171584.0,1039171584.0,True
ACE-EG01-MEMORY-001,20260911T145240Z,7421ee7f1c9e02acf09577d52e20f588936e9b45,full,20260911,0,262144,32768,0,262144,A_DIRECT,2,5,62,2031616,791800,0.38973900579637094,19.116846110128822,1039171584.0,1039171584.0,True
ACE-EG01-MEMORY-001,20260911T145240Z,7421ee7f1c9e02acf09577d52e20f588936e9b45,full,20260911,0,262144,32768,262144,524288,B_SEQ_INDEX,2,6,62,2031616,958400,0.47174269153225806,15.793738261686144,1039171584.0,1039171584.0,True
ACE-EG01-MEMORY-001,20260911T145240Z,7421ee7f1c9e02acf09577d52e20f588936e9b45,full,20260911,0,262144,32768,262144,524288,D_POINTER_CHASE,2,7,62,2031616,7308500,3.597382576234879,2.0711115481973046,1039171584.0,1039171584.0,True
ACE-EG01-MEMORY-001,20260911T145240Z,7421ee7f1c9e02acf09577d52e20f588936e9b45,full,20260911,0,262144,32768,0,262144,A_DIRECT,3,8,62,2031616,792300,0.38998511529737906,19.10478196390256,1039171584.0,1039171584.0,True
ACE-EG01-MEMORY-001,20260911T145240Z,7421ee7f1c9e02acf09577d52e20f588936e9b45,full,20260911,0,262144,32768,262144,524288,B_SEQ_INDEX,3,9,62,2031616,818800,0.40302891885080644,18.486466475329753,1039171584.0,1039171584.0,True
ACE-EG01-MEMORY-001,20260911T145240Z,7421ee7f1c9e02acf09577d52e20f588936e9b45,full,20260911,0,262144,32768,0,262144,A_DIRECT,4,10,62,2031616,808900,0.39815595073084675,18.712719433798988,1039171584.0,1039171584.0,True
ACE-EG01-MEMORY-001,20260911T145240Z,7421ee7f1c9e02acf09577d52e20f588936e9b45,full,20260911,0,262144,32768,262144,524288,B_SEQ_INDEX,4,11,62,2031616,901300,0.4436369865171371,16.79431792965716,1039171584.0,1039171584.0,True
ACE-EG01-MEMORY-001,20260911T145240Z,7421ee7f1c9e02acf09577d52e20f588936e9b45,full,20260911,0,262144,32768,262144,524288,D_POINTER_CHASE,3,12,62,2031616,7189400,3.538759293094758,2.1054216972209083,1039171584.0,1039171584.0,True
ACE-EG01-MEMORY-001,20260911T145240Z,7421ee7f1c9e02acf09577d52e20f588936e9b45,full,20260911,0,262144,32768,262144,524288,D_POINTER_CHASE,4,13,62,2031616,7049500,3.4698978547127015,2.1472045889779414,1039171584.0,1039171584.0,True
ACE-EG01-MEMORY-001,20260911T145240Z,7421ee7f1c9e02acf09577d52e20f588936e9b45,full,20260911,0,262144,32768,262144,524288,D_POINTER_CHASE,5,14,62,2031616,7279700,3.5832066689768145,2.0793052941742105,1039171584.0,1039171584.0,True
ACE-EG01-MEMORY-001,20260911T145240Z,7421ee7f1c9e02acf09577d52e20f588936e9b45,full,20260911,0,262144,32768,0,262144,A_DIRECT,5,15,62,2031616,797100,0.39234776650705644,18.9897362313386,1039171584.0,1039171584.0,True
ACE-EG01-MEMORY-001,20260911T145240Z,7421ee7f1c9e02acf09577d52e20f588936e9b45,full,20260911,0,262144,32768,262144,524288,C_RANDOM_INDEX,2,16,62,2031616,819000,0.4031273626512097,18.481952075702075,1039171584.0,1039171584.0,True
ACE-EG01-MEMORY-001,20260911T145240Z,7421ee7f1c9e02acf09577d52e20f588936e9b45,full,20260911,0,262144,32768,262144,524288,D_POINTER_CHASE,6,17,62,2031616,7109900,3.499627882434476,2.128963663342663,1039171584.0,1039171584.0,True
ACE-EG01-MEMORY-001,20260911T145240Z,7421ee7f1c9e02acf09577d52e20f588936e9b45,full,20260911,0,262144,32768,262144,524288,C_RANDOM_INDEX,3,18,62,2031616,851700,0.4192229240171371,17.772359692379943,1039171584.0,1039171584.0,True
ACE-EG01-MEMORY-001,20260911T145240Z,7421ee7f1c9e02acf09577d52e20f588936e9b45,full,20260911,0,262144,32768,262144,524288,B_SEQ_INDEX,5,19,62,2031616,867600,0.42704920614919356,17.446656005071464,1039171584.0,1039171584.0,True
ACE-EG01-MEMORY-001,20260911T145240Z,7421ee7f1c9e02acf09577d52e20f588936e9b45,full,20260911,0,262144,32768,262144,524288,C_RANDOM_INDEX,4,20,62,2031616,979700,0.4822269562752016,15.450361079922425,1039171584.0,1039171584.0,True
ACE-EG01-MEMORY-001,20260911T145240Z,7421ee7f1c9e02acf09577d52e20f588936e9b45,full,20260911,0,262144,32768,262144,524288,D_POINTER_CHASE,7,21,62,2031616,7426800,3.655612084173387,2.0381212298702,1039171584.0,1039171584.0,True
ACE-EG01-MEMORY-001,20260911T145240Z,7421ee7f1c9e02acf09577d52e20f588936e9b45,full,20260911,0,262144,32768,262144,524288,C_RANDOM_INDEX,5,22,62,2031616,850400,0.4185830393145161,17.79952816321731,1039171584.0,1039171584.0,True
ACE-EG01-MEMORY-001,20260911T145240Z,7421ee7f1c9e02acf09577d52e20f588936e9b45,full,20260911,0,262144,32768,0,262144,A_DIRECT,6,23,62,2031616,791400,0.3895421181955645,19.126508402830424,1039171584.0,1039171584.0,True
ACE-EG01-MEMORY-001,20260911T145240Z,7421ee7f1c9e02acf09577d52e20f588936e9b45,full,20260911,0,262144,32768,262144,524288,B_SEQ_INDEX,6,24,62,2031616,913200,0.44949439264112906,16.57546950284713,1039171584.0,1039171584.0,True
ACE-EG01-MEMORY-001,20260911T145240Z,7421ee7f1c9e02acf09577d52e20f588936e9b45,full,20260911,0,262144,32768,262144,524288,B_SEQ_INDEX,7,25,62,2031616,927100,0.45633623676915325,16.32695367274296,1039171584.0,1039171584.0,True
ACE-EG01-MEMORY-001,20260911T145240Z,7421ee7f1c9e02acf09577d52e20f588936e9b45,full,20260911,0,262144,32768,262144,524288,C_RANDOM_INDEX,6,26,62,2031616,839200,0.4130701864919355,18.037081446615826,1039171584.0,1039171584.0,True
ACE-EG01-MEMORY-001,20260911T145240Z,7421ee7f1c9e02acf09577d52e20f588936e9b45,full,20260911,0,262144,32768,0,262144,A_DIRECT,7,27,62,2031616,815000,0.4011584866431452,18.572661042944787,1039171584.0,1039171584.0,True
ACE-EG01-MEMORY-001,20260911T145240Z,7421ee7f1c9e02acf09577d52e20f588936e9b45,full,20260911,0,262144,32768,262144,524288,C_RANDOM_INDEX,7,28,62,2031616,854600,0.4206503591229839,17.712050959513224,1039171584.0,1039171584.0,True
ACE-EG01-MEMORY-001,20260911T145240Z,7421ee7f1c9e02acf09577d52e20f588936e9b45,full,20260911,0,262144,32768,262144,524288,C_RANDOM_INDEX,8,29,62,2031616,799300,0.39343064831149194,18.937468722632303,1039171584.0,1039171584.0,True
ACE-EG01-MEMORY-001,20260911T145240Z,7421ee7f1c9e02acf09577d52e20f588936e9b45,full,20260911,0,262144,32768,262144,524288,B_SEQ_INDEX,8,30,62,2031616,823500,0.40534234816028225,18.38095780206436,1039171584.0,1039171584.0,True
ACE-EG01-MEMORY-001,20260911T145240Z,7421ee7f1c9e02acf09577d52e20f588936e9b45,full,20260911,0,262144,32768,0,262144,A_DIRECT,8,31,62,2031616,801900,0.3947104177167339,18.87606777653074,1039171584.0,1039171584.0,True
ACE-EG01-MEMORY-001,20260911T145240Z,7421ee7f1c9e02acf09577d52e20f588936e9b45,full,20260911,0,262144,32768,262144,524288,C_RANDOM_INDEX,9,32,62,2031616,847500,0.4171556042086694,17.86043510324484,1039171584.0,1039171584.0,True
ACE-EG01-MEMORY-001,20260911T145240Z,7421ee7f1c9e02acf09577d52e20f588936e9b45,full,20260911,0,262144,32768,0,262144,A_DIRECT,9,33,62,2031616,804600,0.39603940902217744,18.812725267213523,1039171584.0,1039171584.0,True
ACE-EG01-MEMORY-001,20260911T145240Z,7421ee7f1c9e02acf09577d52e20f588936e9b45,full,20260911,0,262144,32768,262144,524288,B_SEQ_INDEX,9,34,62,2031616,829900,0.4084925497731855,18.239208037112906,1039171584.0,1039171584.0,True
ACE-EG01-MEMORY-001,20260911T145240Z,7421ee7f1c9e02acf09577d52e20f588936e9b45,full,20260911,0,262144,32768,262144,524288,D_POINTER_CHASE,8,35,62,2031616,9511700,4.681839481476815,1.591378907030289,1039171584.0,1039171584.0,True
ACE-EG01-MEMORY-001,20260911T145240Z,7421ee7f1c9e02acf09577d52e20f588936e9b45,full,20260911,0,262144,32768,262144,524288,D_POINTER_CHASE,9,36,62,2031616,7049800,3.4700455204133065,2.1471132159777584,1039171584.0,1039171584.0,True
ACE-EG01-MEMORY-001,20260911T145240Z,7421ee7f1c9e02acf09577d52e20f588936e9b45,full,20260911,0,1048576,131072,1048576,2097152,B_SEQ_INDEX,1,1,16,2097152,974700,0.46477317810058594,16.030573509797886,1072693248.0,1072693248.0,True
ACE-EG01-MEMORY-001,20260911T145240Z,7421ee7f1c9e02acf09577d52e20f588936e9b45,full,20260911,0,1048576,131072,0,1048576,A_DIRECT,1,2,16,2097152,823500,0.39267539978027344,18.973891924711598,1072693248.0,1072693248.0,True
ACE-EG01-MEMORY-001,20260911T145240Z,7421ee7f1c9e02acf09577d52e20f588936e9b45,full,20260911,0,1048576,131072,1048576,2097152,B_SEQ_INDEX,2,3,16,2097152,922000,0.43964385986328125,16.946854663774403,1072693248.0,1072693248.0,True
ACE-EG01-MEMORY-001,20260911T145240Z,7421ee7f1c9e02acf09577d52e20f588936e9b45,full,20260911,0,1048576,131072,1048576,2097152,D_POINTER_CHASE,1,4,16,2097152,12852400,6.128501892089844,1.2157262456817404,1072693248.0,1072693248.0,True
ACE-EG01-MEMORY-001,20260911T145240Z,7421ee7f1c9e02acf09577d52e20f588936e9b45,full,20260911,0,1048576,131072,1048576,2097152,C_RANDOM_INDEX,1,5,16,2097152,1024900,0.4887104034423828,15.245389794126256,1072693248.0,1072693248.0,True
ACE-EG01-MEMORY-001,20260911T145240Z,7421ee7f1c9e02acf09577d52e20f588936e9b45,full,20260911,0,1048576,131072,1048576,2097152,C_RANDOM_INDEX,2,6,16,2097152,1008900,0.4810810089111328,15.487164238279313,1072693248.0,1072693248.0,True
ACE-EG01-MEMORY-001,20260911T145240Z,7421ee7f1c9e02acf09577d52e20f588936e9b45,full,20260911,0,1048576,131072,0,1048576,A_DIRECT,2,7,16,2097152,847400,0.4040718078613281,18.438753835260798,1072693248.0,1072693248.0,True
ACE-EG01-MEMORY-001,20260911T145240Z,7421ee7f1c9e02acf09577d52e20f588936e9b45,full,20260911,0,1048576,131072,1048576,2097152,D_POINTER_CHASE,2,8,16,2097152,12768700,6.088590621948242,1.22369544276238,1072693248.0,1072693248.0,True
ACE-EG01-MEMORY-001,20260911T145240Z,7421ee7f1c9e02acf09577d52e20f588936e9b45,full,20260911,0,1048576,131072,1048576,2097152,B_SEQ_INDEX,3,9,16,2097152,933900,0.44531822204589844,16.730913374022915,1072693248.0,1072693248.0,True
ACE-EG01-MEMORY-001,20260911T145240Z,7421ee7f1c9e02acf09577d52e20f588936e9b45,full,20260911,0,1048576,131072,1048576,2097152,C_RANDOM_INDEX,3,10,16,2097152,985300,0.46982765197753906,15.858114279914748,1072693248.0,1072693248.0,True
ACE-EG01-MEMORY-001,20260911T145240Z,7421ee7f1c9e02acf09577d52e20f588936e9b45,full,20260911,0,1048576,131072,1048576,2097152,C_RANDOM_INDEX,4,11,16,2097152,1042900,0.49729347229003906,14.98226100297248,1072693248.0,1072693248.0,True
ACE-EG01-MEMORY-001,20260911T145240Z,7421ee7f1c9e02acf09577d52e20f588936e9b45,full,20260911,0,1048576,131072,1048576,2097152,B_SEQ_INDEX,4,12,16,2097152,930900,0.44388771057128906,16.784831883123857,1072693248.0,1072693248.0,True
ACE-EG01-MEMORY-001,20260911T145240Z,7421ee7f1c9e02acf09577d52e20f588936e9b45,full,20260911,0,1048576,131072,0,1048576,A_DIRECT,3,13,16,2097152,833600,0.397491455078125,18.7440019193858,1072693248.0,1072693248.0,True
ACE-EG01-MEMORY-001,20260911T145240Z,7421ee7f1c9e02acf09577d52e20f588936e9b45,full,20260911,0,1048576,131072,1048576,2097152,D_POINTER_CHASE,3,14,16,2097152,12747400,6.078433990478516,1.2257401509327392,1072693248.0,1072693248.0,True
ACE-EG01-MEMORY-001,20260911T145240Z,7421ee7f1c9e02acf09577d52e20f588936e9b45,full,20260911,0,1048576,131072,0,1048576,A_DIRECT,4,15,16,2097152,886800,0.42285919189453125,17.619530897609383,1072693248.0,1072693248.0,True
ACE-EG01-MEMORY-001,20260911T145240Z,7421ee7f1c9e02acf09577d52e20f588936e9b45,full,20260911,0,1048576,131072,1048576,2097152,B_SEQ_INDEX,5,16,16,2097152,1014500,0.4837512969970703,15.401675702316412,1072693248.0,1072693248.0,True
ACE-EG01-MEMORY-001,20260911T145240Z,7421ee7f1c9e02acf09577d52e20f588936e9b45,full,20260911,0,1048576,131072,0,1048576,A_DIRECT,5,17,16,2097152,839000,0.4000663757324219,18.62336114421931,1072693248.0,1072693248.0,True
ACE-EG01-MEMORY-001,20260911T145240Z,7421ee7f1c9e02acf09577d52e20f588936e9b45,full,20260911,0,1048576,131072,1048576,2097152,D_POINTER_CHASE,4,18,16,2097152,12744200,6.076908111572266,1.2260479276847507,1072693248.0,1072693248.0,True
ACE-EG01-MEMORY-001,20260911T145240Z,7421ee7f1c9e02acf09577d52e20f588936e9b45,full,20260911,0,1048576,131072,1048576,2097152,D_POINTER_CHASE,5,19,16,2097152,12187900,5.811643600463867,1.2820092058517054,1072693248.0,1072693248.0,True
ACE-EG01-MEMORY-001,20260911T145240Z,7421ee7f1c9e02acf09577d52e20f588936e9b45,full,20260911,0,1048576,131072,1048576,2097152,B_SEQ_INDEX,6,20,16,2097152,968700,0.4619121551513672,16.129864767213792,1072693248.0,1072693248.0,True
ACE-EG01-MEMORY-001,20260911T145240Z,7421ee7f1c9e02acf09577d52e20f588936e9b45,full,20260911,0,1048576,131072,1048576,2097152,C_RANDOM_INDEX,5,21,16,2097152,1043400,0.4975318908691406,14.975081464443166,1072693248.0,1072693248.0,True
ACE-EG01-MEMORY-001,20260911T145240Z,7421ee7f1c9e02acf09577d52e20f588936e9b45,full,20260911,0,1048576,131072,0,1048576,A_DIRECT,6,22,16,2097152,834300,0.3978252410888672,18.72827520076711,1072693248.0,1072693248.0,True
ACE-EG01-MEMORY-001,20260911T145240Z,7421ee7f1c9e02acf09577d52e20f588936e9b45,full,20260911,0,1048576,131072,1048576,2097152,B_SEQ_INDEX,7,23,16,2097152,936200,0.4464149475097656,16.689809869685966,1072693248.0,1072693248.0,True
ACE-EG01-MEMORY-001,20260911T145240Z,7421ee7f1c9e02acf09577d52e20f588936e9b45,full,20260911,0,1048576,131072,0,1048576,A_DIRECT,7,24,16,2097152,846400,0.403594970703125,18.46053875236295,1072693248.0,1072693248.0,True
ACE-EG01-MEMORY-001,20260911T145240Z,7421ee7f1c9e02acf09577d52e20f588936e9b45,full,20260911,0,1048576,131072,1048576,2097152,C_RANDOM_INDEX,6,25,16,2097152,1074100,0.5121707916259766,14.547062657108278,1072693248.0,1072693248.0,True
ACE-EG01-MEMORY-001,20260911T145240Z,7421ee7f1c9e02acf09577d52e20f588936e9b45,full,20260911,0,1048576,131072,1048576,2097152,D_POINTER_CHASE,6,26,16,2097152,12834900,6.120157241821289,1.2173838518414635,1072693248.0,1072693248.0,True
ACE-EG01-MEMORY-001,20260911T145240Z,7421ee7f1c9e02acf09577d52e20f588936e9b45,full,20260911,0,1048576,131072,1048576,2097152,C_RANDOM_INDEX,7,27,16,2097152,1016800,0.4848480224609375,15.366837136113297,1072693248.0,1072693248.0,True
ACE-EG01-MEMORY-001,20260911T145240Z,7421ee7f1c9e02acf09577d52e20f588936e9b45,full,20260911,0,1048576,131072,1048576,2097152,D_POINTER_CHASE,7,28,16,2097152,12730600,6.070423126220703,1.2273577050571065,1072693248.0,1072693248.0,True
ACE-EG01-MEMORY-001,20260911T145240Z,7421ee7f1c9e02acf09577d52e20f588936e9b45,full,20260911,0,1048576,131072,1048576,2097152,B_SEQ_INDEX,8,29,16,2097152,901700,0.4299640655517578,17.32837972718199,1072693248.0,1072693248.0,True
ACE-EG01-MEMORY-001,20260911T145240Z,7421ee7f1c9e02acf09577d52e20f588936e9b45,full,20260911,0,1048576,131072,1048576,2097152,D_POINTER_CHASE,8,30,16,2097152,12362100,5.894708633422852,1.2639438283139595,1072693248.0,1072693248.0,True
ACE-EG01-MEMORY-001,20260911T145240Z,7421ee7f1c9e02acf09577d52e20f588936e9b45,full,20260911,0,1048576,131072,0,1048576,A_DIRECT,8,31,16,2097152,805600,0.3841400146484375,19.395481628599804,1072693248.0,1072693248.0,True
ACE-EG01-MEMORY-001,20260911T145240Z,7421ee7f1c9e02acf09577d52e20f588936e9b45,full,20260911,0,1048576,131072,0,1048576,A_DIRECT,9,32,16,2097152,830700,0.39610862731933594,18.80943782352233,1072693248.0,1072693248.0,True
ACE-EG01-MEMORY-001,20260911T145240Z,7421ee7f1c9e02acf09577d52e20f588936e9b45,full,20260911,0,1048576,131072,1048576,2097152,C_RANDOM_INDEX,8,33,16,2097152,976400,0.46558380126953125,16.00266284309709,1072693248.0,1072693248.0,True
ACE-EG01-MEMORY-001,20260911T145240Z,7421ee7f1c9e02acf09577d52e20f588936e9b45,full,20260911,0,1048576,131072,1048576,2097152,D_POINTER_CHASE,9,34,16,2097152,12643800,6.029033660888672,1.2357835460858286,1072693248.0,1072693248.0,True
ACE-EG01-MEMORY-001,20260911T145240Z,7421ee7f1c9e02acf09577d52e20f588936e9b45,full,20260911,0,1048576,131072,1048576,2097152,C_RANDOM_INDEX,9,35,16,2097152,1033500,0.4928112030029297,15.118529269472667,1072693248.0,1072693248.0,True
ACE-EG01-MEMORY-001,20260911T145240Z,7421ee7f1c9e02acf09577d52e20f588936e9b45,full,20260911,0,1048576,131072,1048576,2097152,B_SEQ_INDEX,9,36,16,2097152,910500,0.4341602325439453,17.160900604063702,1072693248.0,1072693248.0,True
ACE-EG01-MEMORY-001,20260911T145240Z,7421ee7f1c9e02acf09577d52e20f588936e9b45,full,20260911,0,2097152,262144,2097152,4194304,D_POINTER_CHASE,1,1,8,2097152,20657100,9.850072860717773,0.7563985264146468,1072693248.0,1072693248.0,True
ACE-EG01-MEMORY-001,20260911T145240Z,7421ee7f1c9e02acf09577d52e20f588936e9b45,full,20260911,0,2097152,262144,2097152,4194304,C_RANDOM_INDEX,1,2,8,2097152,1285900,0.6131649017333984,12.151022630064546,1072693248.0,1072693248.0,True
ACE-EG01-MEMORY-001,20260911T145240Z,7421ee7f1c9e02acf09577d52e20f588936e9b45,full,20260911,0,2097152,262144,2097152,4194304,C_RANDOM_INDEX,2,3,8,2097152,1315400,0.6272315979003906,11.878516040748062,1072693248.0,1072693248.0,True
ACE-EG01-MEMORY-001,20260911T145240Z,7421ee7f1c9e02acf09577d52e20f588936e9b45,full,20260911,0,2097152,262144,2097152,4194304,D_POINTER_CHASE,2,4,8,2097152,22115200,10.54534912109375,0.7065276371002749,1072693248.0,1072693248.0,True
ACE-EG01-MEMORY-001,20260911T145240Z,7421ee7f1c9e02acf09577d52e20f588936e9b45,full,20260911,0,2097152,262144,2097152,4194304,D_POINTER_CHASE,3,5,8,2097152,20280400,9.670448303222656,0.7704483146289027,1072693248.0,1072693248.0,True
ACE-EG01-MEMORY-001,20260911T145240Z,7421ee7f1c9e02acf09577d52e20f588936e9b45,full,20260911,0,2097152,262144,0,2097152,A_DIRECT,1,6,8,2097152,804000,0.3833770751953125,19.43407960199005,1072693248.0,1072693248.0,True
ACE-EG01-MEMORY-001,20260911T145240Z,7421ee7f1c9e02acf09577d52e20f588936e9b45,full,20260911,0,2097152,262144,2097152,4194304,B_SEQ_INDEX,1,7,8,2097152,939700,0.44808387756347656,16.62764712142173,1072693248.0,1072693248.0,True
ACE-EG01-MEMORY-001,20260911T145240Z,7421ee7f1c9e02acf09577d52e20f588936e9b45,full,20260911,0,2097152,262144,2097152,4194304,B_SEQ_INDEX,2,8,8,2097152,871900,0.4157543182373047,17.92063310012616,1072693248.0,1072693248.0,True
ACE-EG01-MEMORY-001,20260911T145240Z,7421ee7f1c9e02acf09577d52e20f588936e9b45,full,20260911,0,2097152,262144,2097152,4194304,C_RANDOM_INDEX,3,9,8,2097152,1111100,0.5298137664794922,14.062640626406264,1072693248.0,1072693248.0,True
ACE-EG01-MEMORY-001,20260911T145240Z,7421ee7f1c9e02acf09577d52e20f588936e9b45,full,20260911,0,2097152,262144,2097152,4194304,B_SEQ_INDEX,3,10,8,2097152,1055900,0.5034923553466797,14.797802822236953,1072693248.0,1072693248.0,True
ACE-EG01-MEMORY-001,20260911T145240Z,7421ee7f1c9e02acf09577d52e20f588936e9b45,full,20260911,0,2097152,262144,2097152,4194304,B_SEQ_INDEX,4,11,8,2097152,884200,0.4216194152832031,17.67134132549197,1072693248.0,1072693248.0,True
ACE-EG01-MEMORY-001,20260911T145240Z,7421ee7f1c9e02acf09577d52e20f588936e9b45,full,20260911,0,2097152,262144,2097152,4194304,C_RANDOM_INDEX,4,12,8,2097152,1093000,0.5211830139160156,14.29551692589204,1072693248.0,1072693248.0,True
ACE-EG01-MEMORY-001,20260911T145240Z,7421ee7f1c9e02acf09577d52e20f588936e9b45,full,20260911,0,2097152,262144,2097152,4194304,B_SEQ_INDEX,5,13,8,2097152,998100,0.47593116760253906,15.654744013625889,1072693248.0,1072693248.0,True
ACE-EG01-MEMORY-001,20260911T145240Z,7421ee7f1c9e02acf09577d52e20f588936e9b45,full,20260911,0,2097152,262144,0,2097152,A_DIRECT,2,14,8,2097152,825700,0.3937244415283203,18.923337774009934,1072693248.0,1072693248.0,True
ACE-EG01-MEMORY-001,20260911T145240Z,7421ee7f1c9e02acf09577d52e20f588936e9b45,full,20260911,0,2097152,262144,0,2097152,A_DIRECT,3,15,8,2097152,844900,0.4028797149658203,18.49331281808498,1072693248.0,1072693248.0,True
ACE-EG01-MEMORY-001,20260911T145240Z,7421ee7f1c9e02acf09577d52e20f588936e9b45,full,20260911,0,2097152,262144,2097152,4194304,D_POINTER_CHASE,4,16,8,2097152,22037500,10.508298873901367,0.7090187180941576,1072693248.0,1072693248.0,True
ACE-EG01-MEMORY-001,20260911T145240Z,7421ee7f1c9e02acf09577d52e20f588936e9b45,full,20260911,0,2097152,262144,2097152,4194304,D_POINTER_CHASE,5,17,8,2097152,22352300,10.658407211303711,0.6990332091104718,1072693248.0,1072693248.0,True
ACE-EG01-MEMORY-001,20260911T145240Z,7421ee7f1c9e02acf09577d52e20f588936e9b45,full,20260911,0,2097152,262144,0,2097152,A_DIRECT,4,18,8,2097152,901100,0.42967796325683594,17.33991787814893,1072693248.0,1072693248.0,True
ACE-EG01-MEMORY-001,20260911T145240Z,7421ee7f1c9e02acf09577d52e20f588936e9b45,full,20260911,0,2097152,262144,2097152,4194304,B_SEQ_INDEX,6,19,8,2097152,1223800,0.5835533142089844,12.767609086452035,1072693248.0,1072693248.0,True
ACE-EG01-MEMORY-001,20260911T145240Z,7421ee7f1c9e02acf09577d52e20f588936e9b45,full,20260911,0,2097152,262144,2097152,4194304,D_POINTER_CHASE,6,20,8,2097152,24675000,11.76595687866211,0.6332320162107397,1072693248.0,1072693248.0,True
ACE-EG01-MEMORY-001,20260911T145240Z,7421ee7f1c9e02acf09577d52e20f588936e9b45,full,20260911,0,2097152,262144,2097152,4194304,D_POINTER_CHASE,7,21,8,2097152,32525600,15.509414672851562,0.4803908306072755,1072693248.0,1072693248.0,True
ACE-EG01-MEMORY-001,20260911T145240Z,7421ee7f1c9e02acf09577d52e20f588936e9b45,full,20260911,0,2097152,262144,0,2097152,A_DIRECT,5,22,8,2097152,906600,0.4323005676269531,17.234723141407457,1072693248.0,1072693248.0,True
ACE-EG01-MEMORY-001,20260911T145240Z,7421ee7f1c9e02acf09577d52e20f588936e9b45,full,20260911,0,2097152,262144,2097152,4194304,B_SEQ_INDEX,7,23,8,2097152,1082400,0.5161285400390625,14.43551367331855,1072693248.0,1072693248.0,True
ACE-EG01-MEMORY-001,20260911T145240Z,7421ee7f1c9e02acf09577d52e20f588936e9b45,full,20260911,0,2097152,262144,0,2097152,A_DIRECT,6,24,8,2097152,1062600,0.5066871643066406,14.704498400150575,1072693248.0,1072693248.0,True
ACE-EG01-MEMORY-001,20260911T145240Z,7421ee7f1c9e02acf09577d52e20f588936e9b45,full,20260911,0,2097152,262144,2097152,4194304,C_RANDOM_INDEX,5,25,8,2097152,1324700,0.6316661834716797,11.79512342417151,1072693248.0,1072693248.0,True
ACE-EG01-MEMORY-001,20260911T145240Z,7421ee7f1c9e02acf09577d52e20f588936e9b45,full,20260911,0,2097152,262144,2097152,4194304,B_SEQ_INDEX,8,26,8,2097152,1100400,0.5247116088867188,14.199382042893493,1072693248.0,1072693248.0,True
ACE-EG01-MEMORY-001,20260911T145240Z,7421ee7f1c9e02acf09577d52e20f588936e9b45,full,20260911,0,2097152,262144,0,2097152,A_DIRECT,7,27,8,2097152,890500,0.4246234893798828,17.546322290847836,1072693248.0,1072693248.0,True
ACE-EG01-MEMORY-001,20260911T145240Z,7421ee7f1c9e02acf09577d52e20f588936e9b45,full,20260911,0,2097152,262144,2097152,4194304,D_POINTER_CHASE,8,28,8,2097152,23521200,11.215782165527344,0.6642943387242147,1072693248.0,1072693248.0,True
ACE-EG01-MEMORY-001,20260911T145240Z,7421ee7f1c9e02acf09577d52e20f588936e9b45,full,20260911,0,2097152,262144,2097152,4194304,C_RANDOM_INDEX,6,29,8,2097152,1352700,0.6450176239013672,11.550972129814445,1072693248.0,1072693248.0,True
ACE-EG01-MEMORY-001,20260911T145240Z,7421ee7f1c9e02acf09577d52e20f588936e9b45,full,20260911,0,2097152,262144,2097152,4194304,C_RANDOM_INDEX,7,30,8,2097152,1103000,0.5259513854980469,14.165911151405258,1072693248.0,1072693248.0,True
ACE-EG01-MEMORY-001,20260911T145240Z,7421ee7f1c9e02acf09577d52e20f588936e9b45,full,20260911,0,2097152,262144,0,2097152,A_DIRECT,8,31,8,2097152,889600,0.4241943359375,17.564073741007192,1072693248.0,1072693248.0,True
ACE-EG01-MEMORY-001,20260911T145240Z,7421ee7f1c9e02acf09577d52e20f588936e9b45,full,20260911,0,2097152,262144,2097152,4194304,C_RANDOM_INDEX,8,32,8,2097152,1312800,0.6259918212890625,11.90204143814747,1072693248.0,1072693248.0,True
ACE-EG01-MEMORY-001,20260911T145240Z,7421ee7f1c9e02acf09577d52e20f588936e9b45,full,20260911,0,2097152,262144,0,2097152,A_DIRECT,9,33,8,2097152,888500,0.42366981506347656,17.585818795723128,1072693248.0,1072693248.0,True
ACE-EG01-MEMORY-001,20260911T145240Z,7421ee7f1c9e02acf09577d52e20f588936e9b45,full,20260911,0,2097152,262144,2097152,4194304,B_SEQ_INDEX,9,34,8,2097152,1225600,0.58441162109375,12.748857702349868,1072693248.0,1072693248.0,True
ACE-EG01-MEMORY-001,20260911T145240Z,7421ee7f1c9e02acf09577d52e20f588936e9b45,full,20260911,0,2097152,262144,2097152,4194304,D_POINTER_CHASE,9,35,8,2097152,22483200,10.7208251953125,0.6949633504127527,1072693248.0,1072693248.0,True
ACE-EG01-MEMORY-001,20260911T145240Z,7421ee7f1c9e02acf09577d52e20f588936e9b45,full,20260911,0,2097152,262144,2097152,4194304,C_RANDOM_INDEX,9,36,8,2097152,1174200,0.5599021911621094,13.30693237949242,1072693248.0,1072693248.0,True
ACE-EG01-MEMORY-001,20260911T145240Z,7421ee7f1c9e02acf09577d52e20f588936e9b45,full,20260911,0,4194304,524288,4194304,8388608,D_POINTER_CHASE,1,1,4,2097152,36676500,17.488718032836914,0.4260221122517143,1072693248.0,1072693248.0,True
ACE-EG01-MEMORY-001,20260911T145240Z,7421ee7f1c9e02acf09577d52e20f588936e9b45,full,20260911,0,4194304,524288,4194304,8388608,B_SEQ_INDEX,1,2,4,2097152,1230200,0.5866050720214844,12.701186798894488,1072693248.0,1072693248.0,True
ACE-EG01-MEMORY-001,20260911T145240Z,7421ee7f1c9e02acf09577d52e20f588936e9b45,full,20260911,0,4194304,524288,4194304,8388608,C_RANDOM_INDEX,1,3,4,2097152,2032800,0.9693145751953125,7.686442345533255,1072693248.0,1072693248.0,True
ACE-EG01-MEMORY-001,20260911T145240Z,7421ee7f1c9e02acf09577d52e20f588936e9b45,full,20260911,0,4194304,524288,4194304,8388608,B_SEQ_INDEX,2,4,4,2097152,1685800,0.8038520812988281,9.26859651204176,1072693248.0,1072693248.0,True
ACE-EG01-MEMORY-001,20260911T145240Z,7421ee7f1c9e02acf09577d52e20f588936e9b45,full,20260911,0,4194304,524288,0,4194304,A_DIRECT,1,5,4,2097152,852500,0.40650367736816406,18.328445747800586,1072693248.0,1072693248.0,True
ACE-EG01-MEMORY-001,20260911T145240Z,7421ee7f1c9e02acf09577d52e20f588936e9b45,full,20260911,0,4194304,524288,4194304,8388608,C_RANDOM_INDEX,2,6,4,2097152,2003400,0.9552955627441406,7.799241289807329,1072693248.0,1072693248.0,True
ACE-EG01-MEMORY-001,20260911T145240Z,7421ee7f1c9e02acf09577d52e20f588936e9b45,full,20260911,0,4194304,524288,4194304,8388608,B_SEQ_INDEX,3,7,4,2097152,1335300,0.6367206573486328,11.701490301804839,1072693248.0,1072693248.0,True
ACE-EG01-MEMORY-001,20260911T145240Z,7421ee7f1c9e02acf09577d52e20f588936e9b45,full,20260911,0,4194304,524288,4194304,8388608,C_RANDOM_INDEX,3,8,4,2097152,1892300,0.9023189544677734,8.257147386777994,1072693248.0,1072693248.0,True
ACE-EG01-MEMORY-001,20260911T145240Z,7421ee7f1c9e02acf09577d52e20f588936e9b45,full,20260911,0,4194304,524288,4194304,8388608,C_RANDOM_INDEX,4,9,4,2097152,1857500,0.8857250213623047,8.411843876177658,1072693248.0,1072693248.0,True
ACE-EG01-MEMORY-001,20260911T145240Z,7421ee7f1c9e02acf09577d52e20f588936e9b45,full,20260911,0,4194304,524288,4194304,8388608,B_SEQ_INDEX,4,10,4,2097152,1104200,0.5265235900878906,14.15051621083137,1072693248.0,1072693248.0,True
ACE-EG01-MEMORY-001,20260911T145240Z,7421ee7f1c9e02acf09577d52e20f588936e9b45,full,20260911,0,4194304,524288,4194304,8388608,B_SEQ_INDEX,5,11,4,2097152,1125200,0.5365371704101562,13.886420191965872,1072693248.0,1072693248.0,True
ACE-EG01-MEMORY-001,20260911T145240Z,7421ee7f1c9e02acf09577d52e20f588936e9b45,full,20260911,0,4194304,524288,0,4194304,A_DIRECT,2,12,4,2097152,844000,0.4024505615234375,18.51303317535545,1072693248.0,1072693248.0,True
ACE-EG01-MEMORY-001,20260911T145240Z,7421ee7f1c9e02acf09577d52e20f588936e9b45,full,20260911,0,4194304,524288,4194304,8388608,D_POINTER_CHASE,2,13,4,2097152,39452000,18.812179565429688,0.3960508972929129,1072693248.0,1072693248.0,True
ACE-EG01-MEMORY-001,20260911T145240Z,7421ee7f1c9e02acf09577d52e20f588936e9b45,full,20260911,0,4194304,524288,4194304,8388608,D_POINTER_CHASE,3,14,4,2097152,32649300,15.568399429321289,0.47857075036830804,1072693248.0,1072693248.0,True
ACE-EG01-MEMORY-001,20260911T145240Z,7421ee7f1c9e02acf09577d52e20f588936e9b45,full,20260911,0,4194304,524288,4194304,8388608,D_POINTER_CHASE,4,15,4,2097152,33059800,15.764141082763672,0.4726283885564946,1072693248.0,1072693248.0,True
ACE-EG01-MEMORY-001,20260911T145240Z,7421ee7f1c9e02acf09577d52e20f588936e9b45,full,20260911,0,4194304,524288,0,4194304,A_DIRECT,3,16,4,2097152,905300,0.43168067932128906,17.25947199823263,1072693248.0,1072693248.0,True
ACE-EG01-MEMORY-001,20260911T145240Z,7421ee7f1c9e02acf09577d52e20f588936e9b45,full,20260911,0,4194304,524288,0,4194304,A_DIRECT,4,17,4,2097152,821700,0.3918170928955078,19.015455762443715,1072693248.0,1072693248.0,True
ACE-EG01-MEMORY-001,20260911T145240Z,7421ee7f1c9e02acf09577d52e20f588936e9b45,full,20260911,0,4194304,524288,4194304,8388608,C_RANDOM_INDEX,5,18,4,2097152,2041000,0.9732246398925781,7.655560999510045,1072693248.0,1072693248.0,True
ACE-EG01-MEMORY-001,20260911T145240Z,7421ee7f1c9e02acf09577d52e20f588936e9b45,full,20260911,0,4194304,524288,4194304,8388608,D_POINTER_CHASE,5,19,4,2097152,35712900,17.029237747192383,0.43751697565865555,1072693248.0,1072693248.0,True
ACE-EG01-MEMORY-001,20260911T145240Z,7421ee7f1c9e02acf09577d52e20f588936e9b45,full,20260911,0,4194304,524288,4194304,8388608,D_POINTER_CHASE,6,20,4,2097152,32660300,15.573644638061523,0.4784095675789873,1072693248.0,1072693248.0,True
ACE-EG01-MEMORY-001,20260911T145240Z,7421ee7f1c9e02acf09577d52e20f588936e9b45,full,20260911,0,4194304,524288,4194304,8388608,D_POINTER_CHASE,7,21,4,2097152,34062700,16.242361068725586,0.45871290297011097,1072693248.0,1072693248.0,True
ACE-EG01-MEMORY-001,20260911T145240Z,7421ee7f1c9e02acf09577d52e20f588936e9b45,full,20260911,0,4194304,524288,0,4194304,A_DIRECT,5,22,4,2097152,833100,0.39725303649902344,18.755251470411714,1072693248.0,1072693248.0,True
ACE-EG01-MEMORY-001,20260911T145240Z,7421ee7f1c9e02acf09577d52e20f588936e9b45,full,20260911,0,4194304,524288,0,4194304,A_DIRECT,6,23,4,2097152,812500,0.38743019104003906,19.23076923076923,1072693248.0,1072693248.0,True
ACE-EG01-MEMORY-001,20260911T145240Z,7421ee7f1c9e02acf09577d52e20f588936e9b45,full,20260911,0,4194304,524288,4194304,8388608,B_SEQ_INDEX,6,24,4,2097152,1231700,0.5873203277587891,12.68571892506292,1072693248.0,1072693248.0,True
ACE-EG01-MEMORY-001,20260911T145240Z,7421ee7f1c9e02acf09577d52e20f588936e9b45,full,20260911,0,4194304,524288,4194304,8388608,C_RANDOM_INDEX,6,25,4,2097152,2028600,0.9673118591308594,7.702356304840776,1072693248.0,1072693248.0,True
ACE-EG01-MEMORY-001,20260911T145240Z,7421ee7f1c9e02acf09577d52e20f588936e9b45,full,20260911,0,4194304,524288,4194304,8388608,C_RANDOM_INDEX,7,26,4,2097152,1926900,0.9188175201416016,8.10887954745965,1072693248.0,1072693248.0,True
ACE-EG01-MEMORY-001,20260911T145240Z,7421ee7f1c9e02acf09577d52e20f588936e9b45,full,20260911,0,4194304,524288,4194304,8388608,D_POINTER_CHASE,8,27,4,2097152,36655200,17.478561401367188,0.4262696697876427,1072693248.0,1072693248.0,True
ACE-EG01-MEMORY-001,20260911T145240Z,7421ee7f1c9e02acf09577d52e20f588936e9b45,full,20260911,0,4194304,524288,4194304,8388608,B_SEQ_INDEX,7,28,4,2097152,1155100,0.5507946014404297,13.526967362133147,1072693248.0,1072693248.0,True
ACE-EG01-MEMORY-001,20260911T145240Z,7421ee7f1c9e02acf09577d52e20f588936e9b45,full,20260911,0,4194304,524288,4194304,8388608,C_RANDOM_INDEX,8,29,4,2097152,2067700,0.9859561920166016,7.556705518208638,1072693248.0,1072693248.0,True
ACE-EG01-MEMORY-001,20260911T145240Z,7421ee7f1c9e02acf09577d52e20f588936e9b45,full,20260911,0,4194304,524288,4194304,8388608,C_RANDOM_INDEX,9,30,4,2097152,1849200,0.8817672729492188,8.449599826952195,1072693248.0,1072693248.0,True
ACE-EG01-MEMORY-001,20260911T145240Z,7421ee7f1c9e02acf09577d52e20f588936e9b45,full,20260911,0,4194304,524288,0,4194304,A_DIRECT,7,31,4,2097152,839300,0.4002094268798828,18.616704396520912,1072693248.0,1072693248.0,True
ACE-EG01-MEMORY-001,20260911T145240Z,7421ee7f1c9e02acf09577d52e20f588936e9b45,full,20260911,0,4194304,524288,0,4194304,A_DIRECT,8,32,4,2097152,919400,0.4384040832519531,16.994779203828582,1072693248.0,1072693248.0,True
ACE-EG01-MEMORY-001,20260911T145240Z,7421ee7f1c9e02acf09577d52e20f588936e9b45,full,20260911,0,4194304,524288,4194304,8388608,D_POINTER_CHASE,9,33,4,2097152,36288300,17.30360984802246,0.43057955318931995,1072693248.0,1072693248.0,True
ACE-EG01-MEMORY-001,20260911T145240Z,7421ee7f1c9e02acf09577d52e20f588936e9b45,full,20260911,0,4194304,524288,4194304,8388608,B_SEQ_INDEX,8,34,4,2097152,1216100,0.5798816680908203,12.848449962996465,1072693248.0,1072693248.0,True
ACE-EG01-MEMORY-001,20260911T145240Z,7421ee7f1c9e02acf09577d52e20f588936e9b45,full,20260911,0,4194304,524288,4194304,8388608,B_SEQ_INDEX,9,35,4,2097152,933800,0.4452705383300781,16.73270507603341,1072693248.0,1072693248.0,True
ACE-EG01-MEMORY-001,20260911T145240Z,7421ee7f1c9e02acf09577d52e20f588936e9b45,full,20260911,0,4194304,524288,0,4194304,A_DIRECT,9,36,4,2097152,860900,0.4105091094970703,18.149610872342897,1072693248.0,1072693248.0,True
ACE-EG01-MEMORY-001,20260911T145240Z,7421ee7f1c9e02acf09577d52e20f588936e9b45,full,20260911,0,8388608,1048576,8388608,16777216,B_SEQ_INDEX,1,1,2,2097152,1921600,0.916290283203125,8.13124479600333,1072693248.0,1072693248.0,True
ACE-EG01-MEMORY-001,20260911T145240Z,7421ee7f1c9e02acf09577d52e20f588936e9b45,full,20260911,0,8388608,1048576,8388608,16777216,D_POINTER_CHASE,1,2,2,2097152,53278200,25.405025482177734,0.293271919847142,1072693248.0,1072693248.0,True
ACE-EG01-MEMORY-001,20260911T145240Z,7421ee7f1c9e02acf09577d52e20f588936e9b45,full,20260911,0,8388608,1048576,8388608,16777216,C_RANDOM_INDEX,1,3,2,2097152,2931000,1.3976097106933594,5.330945069942,1072693248.0,1072693248.0,True
ACE-EG01-MEMORY-001,20260911T145240Z,7421ee7f1c9e02acf09577d52e20f588936e9b45,full,20260911,0,8388608,1048576,0,8388608,A_DIRECT,1,4,2,2097152,858700,0.40946006774902344,18.196110399441014,1072693248.0,1072693248.0,True
ACE-EG01-MEMORY-001,20260911T145240Z,7421ee7f1c9e02acf09577d52e20f588936e9b45,full,20260911,0,8388608,1048576,0,8388608,A_DIRECT,2,5,2,2097152,860600,0.4103660583496094,18.155937717871254,1072693248.0,1072693248.0,True
ACE-EG01-MEMORY-001,20260911T145240Z,7421ee7f1c9e02acf09577d52e20f588936e9b45,full,20260911,0,8388608,1048576,8388608,16777216,B_SEQ_INDEX,2,6,2,2097152,1607700,0.7666110992431641,9.71885301984201,1072693248.0,1072693248.0,True
ACE-EG01-MEMORY-001,20260911T145240Z,7421ee7f1c9e02acf09577d52e20f588936e9b45,full,20260911,0,8388608,1048576,8388608,16777216,C_RANDOM_INDEX,2,7,2,2097152,2972600,1.4174461364746094,5.256341250084101,1072693248.0,1072693248.0,True
ACE-EG01-MEMORY-001,20260911T145240Z,7421ee7f1c9e02acf09577d52e20f588936e9b45,full,20260911,0,8388608,1048576,0,8388608,A_DIRECT,3,8,2,2097152,963400,0.4593849182128906,16.21860078887274,1072693248.0,1072693248.0,True
ACE-EG01-MEMORY-001,20260911T145240Z,7421ee7f1c9e02acf09577d52e20f588936e9b45,full,20260911,0,8388608,1048576,8388608,16777216,C_RANDOM_INDEX,3,9,2,2097152,2747000,1.3098716735839844,5.688023298143429,1072693248.0,1072693248.0,True
ACE-EG01-MEMORY-001,20260911T145240Z,7421ee7f1c9e02acf09577d52e20f588936e9b45,full,20260911,0,8388608,1048576,8388608,16777216,C_RANDOM_INDEX,4,10,2,2097152,2653400,1.2652397155761719,5.8886711389161075,1072693248.0,1072693248.0,True
ACE-EG01-MEMORY-001,20260911T145240Z,7421ee7f1c9e02acf09577d52e20f588936e9b45,full,20260911,0,8388608,1048576,8388608,16777216,C_RANDOM_INDEX,5,11,2,2097152,3105900,1.481008529663086,5.0307479313564505,1072693248.0,1072693248.0,True
ACE-EG01-MEMORY-001,20260911T145240Z,7421ee7f1c9e02acf09577d52e20f588936e9b45,full,20260911,0,8388608,1048576,0,8388608,A_DIRECT,4,12,2,2097152,1010100,0.48165321350097656,15.468765468765467,1072693248.0,1072693248.0,True
ACE-EG01-MEMORY-001,20260911T145240Z,7421ee7f1c9e02acf09577d52e20f588936e9b45,full,20260911,0,8388608,1048576,0,8388608,A_DIRECT,5,13,2,2097152,949800,0.4528999328613281,16.450831754053485,1072693248.0,1072693248.0,True
ACE-EG01-MEMORY-001,20260911T145240Z,7421ee7f1c9e02acf09577d52e20f588936e9b45,full,20260911,0,8388608,1048576,8388608,16777216,B_SEQ_INDEX,3,14,2,2097152,1792000,0.8544921875,8.719308035714286,1072693248.0,1072693248.0,True
ACE-EG01-MEMORY-001,20260911T145240Z,7421ee7f1c9e02acf09577d52e20f588936e9b45,full,20260911,0,8388608,1048576,8388608,16777216,C_RANDOM_INDEX,6,15,2,2097152,2893300,1.3796329498291016,5.400407838799986,1072693248.0,1072693248.0,True
ACE-EG01-MEMORY-001,20260911T145240Z,7421ee7f1c9e02acf09577d52e20f588936e9b45,full,20260911,0,8388608,1048576,8388608,16777216,B_SEQ_INDEX,4,16,2,2097152,1807500,0.8618831634521484,8.644536652835408,1072693248.0,1072693248.0,True
ACE-EG01-MEMORY-001,20260911T145240Z,7421ee7f1c9e02acf09577d52e20f588936e9b45,full,20260911,0,8388608,1048576,8388608,16777216,D_POINTER_CHASE,2,17,2,2097152,53331600,25.43048858642578,0.2929782717938333,1072693248.0,1072693248.0,True
ACE-EG01-MEMORY-001,20260911T145240Z,7421ee7f1c9e02acf09577d52e20f588936e9b45,full,20260911,0,8388608,1048576,0,8388608,A_DIRECT,6,18,2,2097152,965800,0.4605293273925781,16.178297784220337,1072693248.0,1072693248.0,True
ACE-EG01-MEMORY-001,20260911T145240Z,7421ee7f1c9e02acf09577d52e20f588936e9b45,full,20260911,0,8388608,1048576,8388608,16777216,B_SEQ_INDEX,5,19,2,2097152,1849300,0.8818149566650391,8.449142918942304,1072693248.0,1072693248.0,True
ACE-EG01-MEMORY-001,20260911T145240Z,7421ee7f1c9e02acf09577d52e20f588936e9b45,full,20260911,0,8388608,1048576,8388608,16777216,D_POINTER_CHASE,3,20,2,2097152,50995700,24.3166446685791,0.30639838260872976,1072693248.0,1072693248.0,True
ACE-EG01-MEMORY-001,20260911T145240Z,7421ee7f1c9e02acf09577d52e20f588936e9b45,full,20260911,0,8388608,1048576,8388608,16777216,C_RANDOM_INDEX,7,21,2,2097152,3049400,1.4540672302246094,5.123958811569489,1072693248.0,1072693248.0,True
ACE-EG01-MEMORY-001,20260911T145240Z,7421ee7f1c9e02acf09577d52e20f588936e9b45,full,20260911,0,8388608,1048576,0,8388608,A_DIRECT,7,22,2,2097152,846900,0.40383338928222656,18.449639863029873,1072693248.0,1072693248.0,True
ACE-EG01-MEMORY-001,20260911T145240Z,7421ee7f1c9e02acf09577d52e20f588936e9b45,full,20260911,0,8388608,1048576,8388608,16777216,D_POINTER_CHASE,4,23,2,2097152,52414600,24.993228912353516,0.29810396339951084,1072693248.0,1072693248.0,True
ACE-EG01-MEMORY-001,20260911T145240Z,7421ee7f1c9e02acf09577d52e20f588936e9b45,full,20260911,0,8388608,1048576,8388608,16777216,B_SEQ_INDEX,6,24,2,2097152,1817200,0.8665084838867188,8.598393132291438,1072693248.0,1072693248.0,True
ACE-EG01-MEMORY-001,20260911T145240Z,7421ee7f1c9e02acf09577d52e20f588936e9b45,full,20260911,0,8388608,1048576,8388608,16777216,D_POINTER_CHASE,5,25,2,2097152,49982500,23.833513259887695,0.31260941329465314,1072693248.0,1072693248.0,True
ACE-EG01-MEMORY-001,20260911T145240Z,7421ee7f1c9e02acf09577d52e20f588936e9b45,full,20260911,0,8388608,1048576,8388608,16777216,D_POINTER_CHASE,6,26,2,2097152,46698400,22.267532348632812,0.3345939047162215,1072693248.0,1072693248.0,True
ACE-EG01-MEMORY-001,20260911T145240Z,7421ee7f1c9e02acf09577d52e20f588936e9b45,full,20260911,0,8388608,1048576,0,8388608,A_DIRECT,8,27,2,2097152,889000,0.4239082336425781,17.575928008998876,1072693248.0,1072693248.0,True
ACE-EG01-MEMORY-001,20260911T145240Z,7421ee7f1c9e02acf09577d52e20f588936e9b45,full,20260911,0,8388608,1048576,8388608,16777216,B_SEQ_INDEX,7,28,2,2097152,1995300,0.9514331817626953,7.830902621159725,1072693248.0,1072693248.0,True
ACE-EG01-MEMORY-001,20260911T145240Z,7421ee7f1c9e02acf09577d52e20f588936e9b45,full,20260911,0,8388608,1048576,8388608,16777216,B_SEQ_INDEX,8,29,2,2097152,1316300,0.6276607513427734,11.870394287016637,1072693248.0,1072693248.0,True
ACE-EG01-MEMORY-001,20260911T145240Z,7421ee7f1c9e02acf09577d52e20f588936e9b45,full,20260911,0,8388608,1048576,8388608,16777216,C_RANDOM_INDEX,8,30,2,2097152,3089200,1.4730453491210938,5.057943804221158,1072693248.0,1072693248.0,True
ACE-EG01-MEMORY-001,20260911T145240Z,7421ee7f1c9e02acf09577d52e20f588936e9b45,full,20260911,0,8388608,1048576,8388608,16777216,D_POINTER_CHASE,7,31,2,2097152,55093400,26.270580291748047,0.28360928895294174,1072693248.0,1072693248.0,True
ACE-EG01-MEMORY-001,20260911T145240Z,7421ee7f1c9e02acf09577d52e20f588936e9b45,full,20260911,0,8388608,1048576,8388608,16777216,C_RANDOM_INDEX,9,32,2,2097152,3090900,1.473855972290039,5.055161926946844,1072693248.0,1072693248.0,True
ACE-EG01-MEMORY-001,20260911T145240Z,7421ee7f1c9e02acf09577d52e20f588936e9b45,full,20260911,0,8388608,1048576,8388608,16777216,B_SEQ_INDEX,9,33,2,2097152,1535300,0.7320880889892578,10.177164072168305,1072693248.0,1072693248.0,True
ACE-EG01-MEMORY-001,20260911T145240Z,7421ee7f1c9e02acf09577d52e20f588936e9b45,full,20260911,0,8388608,1048576,8388608,16777216,D_POINTER_CHASE,8,34,2,2097152,51677300,24.64165687561035,0.3023571277911191,1072693248.0,1072693248.0,True
ACE-EG01-MEMORY-001,20260911T145240Z,7421ee7f1c9e02acf09577d52e20f588936e9b45,full,20260911,0,8388608,1048576,8388608,16777216,D_POINTER_CHASE,9,35,2,2097152,47756200,22.771930694580078,0.3271826485356875,1072693248.0,1072693248.0,True
ACE-EG01-MEMORY-001,20260911T145240Z,7421ee7f1c9e02acf09577d52e20f588936e9b45,full,20260911,0,8388608,1048576,0,8388608,A_DIRECT,9,36,2,2097152,914100,0.43587684631347656,17.09331582977792,1072693248.0,1072693248.0,True
ACE-EG01-MEMORY-001,20260911T145240Z,7421ee7f1c9e02acf09577d52e20f588936e9b45,full,20260911,0,16777216,2097152,16777216,33554432,C_RANDOM_INDEX,1,1,1,2097152,5666000,2.7017593383789062,2.7576773738086833,1072693248.0,1072693248.0,True
ACE-EG01-MEMORY-001,20260911T145240Z,7421ee7f1c9e02acf09577d52e20f588936e9b45,full,20260911,0,16777216,2097152,16777216,33554432,D_POINTER_CHASE,1,2,1,2097152,154637300,73.7368106842041,0.10104289198013675,1072693248.0,1072693248.0,True
ACE-EG01-MEMORY-001,20260911T145240Z,7421ee7f1c9e02acf09577d52e20f588936e9b45,full,20260911,0,16777216,2097152,16777216,33554432,B_SEQ_INDEX,1,3,1,2097152,1731300,0.8255481719970703,9.02501010801132,1072693248.0,1072693248.0,True
ACE-EG01-MEMORY-001,20260911T145240Z,7421ee7f1c9e02acf09577d52e20f588936e9b45,full,20260911,0,16777216,2097152,16777216,33554432,C_RANDOM_INDEX,2,4,1,2097152,4681200,2.2321701049804688,3.3378193625566093,1072693248.0,1072693248.0,True
ACE-EG01-MEMORY-001,20260911T145240Z,7421ee7f1c9e02acf09577d52e20f588936e9b45,full,20260911,0,16777216,2097152,16777216,33554432,B_SEQ_INDEX,2,5,1,2097152,1451800,0.6922721862792969,10.762501722000275,1072693248.0,1072693248.0,True
ACE-EG01-MEMORY-001,20260911T145240Z,7421ee7f1c9e02acf09577d52e20f588936e9b45,full,20260911,0,16777216,2097152,16777216,33554432,B_SEQ_INDEX,3,6,1,2097152,1790400,0.853729248046875,8.727100089365505,1072693248.0,1072693248.0,True
ACE-EG01-MEMORY-001,20260911T145240Z,7421ee7f1c9e02acf09577d52e20f588936e9b45,full,20260911,0,16777216,2097152,0,16777216,A_DIRECT,1,7,1,2097152,973500,0.4642009735107422,16.050333846944017,1072693248.0,1072693248.0,True
ACE-EG01-MEMORY-001,20260911T145240Z,7421ee7f1c9e02acf09577d52e20f588936e9b45,full,20260911,0,16777216,2097152,16777216,33554432,D_POINTER_CHASE,2,8,1,2097152,112783800,53.77950668334961,0.13853940016208002,1072693248.0,1072693248.0,True
ACE-EG01-MEMORY-001,20260911T145240Z,7421ee7f1c9e02acf09577d52e20f588936e9b45,full,20260911,0,16777216,2097152,16777216,33554432,B_SEQ_INDEX,4,9,1,2097152,1726200,0.8231163024902344,9.0516741976596,1072693248.0,1072693248.0,True
ACE-EG01-MEMORY-001,20260911T145240Z,7421ee7f1c9e02acf09577d52e20f588936e9b45,full,20260911,0,16777216,2097152,16777216,33554432,B_SEQ_INDEX,5,10,1,2097152,1857300,0.8856296539306641,8.412749690410811,1072693248.0,1072693248.0,True
ACE-EG01-MEMORY-001,20260911T145240Z,7421ee7f1c9e02acf09577d52e20f588936e9b45,full,20260911,0,16777216,2097152,16777216,33554432,D_POINTER_CHASE,3,11,1,2097152,97756000,46.61369323730469,0.15983673636400836,1072693248.0,1072693248.0,True
ACE-EG01-MEMORY-001,20260911T145240Z,7421ee7f1c9e02acf09577d52e20f588936e9b45,full,20260911,0,16777216,2097152,16777216,33554432,C_RANDOM_INDEX,3,12,1,2097152,4719000,2.250194549560547,3.3110828565374018,1072693248.0,1072693248.0,True
ACE-EG01-MEMORY-001,20260911T145240Z,7421ee7f1c9e02acf09577d52e20f588936e9b45,full,20260911,0,16777216,2097152,16777216,33554432,D_POINTER_CHASE,4,13,1,2097152,102970500,49.10016059875488,0.15174248935374693,1072693248.0,1072693248.0,True
ACE-EG01-MEMORY-001,20260911T145240Z,7421ee7f1c9e02acf09577d52e20f588936e9b45,full,20260911,0,16777216,2097152,16777216,33554432,C_RANDOM_INDEX,4,14,1,2097152,4485800,2.138996124267578,3.483213696553569,1072693248.0,1072693248.0,True
ACE-EG01-MEMORY-001,20260911T145240Z,7421ee7f1c9e02acf09577d52e20f588936e9b45,full,20260911,0,16777216,2097152,16777216,33554432,D_POINTER_CHASE,5,15,1,2097152,106198300,50.63929557800293,0.14713041545862787,1072693248.0,1072693248.0,True
ACE-EG01-MEMORY-001,20260911T145240Z,7421ee7f1c9e02acf09577d52e20f588936e9b45,full,20260911,0,16777216,2097152,16777216,33554432,D_POINTER_CHASE,6,16,1,2097152,95721700,45.64366340637207,0.1632336241416523,1072693248.0,1072693248.0,True
ACE-EG01-MEMORY-001,20260911T145240Z,7421ee7f1c9e02acf09577d52e20f588936e9b45,full,20260911,0,16777216,2097152,16777216,33554432,B_SEQ_INDEX,6,17,1,2097152,2101600,1.0021209716796875,7.434811572135516,1072693248.0,1072693248.0,True
ACE-EG01-MEMORY-001,20260911T145240Z,7421ee7f1c9e02acf09577d52e20f588936e9b45,full,20260911,0,16777216,2097152,0,16777216,A_DIRECT,2,18,1,2097152,1001100,0.47736167907714844,15.607831385475977,1072693248.0,1072693248.0,True
ACE-EG01-MEMORY-001,20260911T145240Z,7421ee7f1c9e02acf09577d52e20f588936e9b45,full,20260911,0,16777216,2097152,0,16777216,A_DIRECT,3,19,1,2097152,1058100,0.5045413970947266,14.767035251866554,1072693248.0,1072693248.0,True
ACE-EG01-MEMORY-001,20260911T145240Z,7421ee7f1c9e02acf09577d52e20f588936e9b45,full,20260911,0,16777216,2097152,16777216,33554432,C_RANDOM_INDEX,5,20,1,2097152,4797000,2.2873878479003906,3.2572441109026475,1072693248.0,1072693248.0,True
ACE-EG01-MEMORY-001,20260911T145240Z,7421ee7f1c9e02acf09577d52e20f588936e9b45,full,20260911,0,16777216,2097152,16777216,33554432,C_RANDOM_INDEX,6,21,1,2097152,4012700,1.9134044647216797,3.8938869090637227,1072693248.0,1072693248.0,True
ACE-EG01-MEMORY-001,20260911T145240Z,7421ee7f1c9e02acf09577d52e20f588936e9b45,full,20260911,0,16777216,2097152,16777216,33554432,B_SEQ_INDEX,7,22,1,2097152,1990300,0.9490489959716797,7.850575290157263,1072693248.0,1072693248.0,True
ACE-EG01-MEMORY-001,20260911T145240Z,7421ee7f1c9e02acf09577d52e20f588936e9b45,full,20260911,0,16777216,2097152,0,16777216,A_DIRECT,4,23,1,2097152,946300,0.4512310028076172,16.51167705801543,1072693248.0,1072693248.0,True
ACE-EG01-MEMORY-001,20260911T145240Z,7421ee7f1c9e02acf09577d52e20f588936e9b45,full,20260911,0,16777216,2097152,16777216,33554432,B_SEQ_INDEX,8,24,1,2097152,2077100,0.9904384613037109,7.522507341967165,1072693248.0,1072693248.0,True
ACE-EG01-MEMORY-001,20260911T145240Z,7421ee7f1c9e02acf09577d52e20f588936e9b45,full,20260911,0,16777216,2097152,0,16777216,A_DIRECT,5,25,1,2097152,1192700,0.5687236785888672,13.10052821329756,1072693248.0,1072693248.0,True
ACE-EG01-MEMORY-001,20260911T145240Z,7421ee7f1c9e02acf09577d52e20f588936e9b45,full,20260911,0,16777216,2097152,0,16777216,A_DIRECT,6,26,1,2097152,1121000,0.5345344543457031,13.938447814451383,1072693248.0,1072693248.0,True
ACE-EG01-MEMORY-001,20260911T145240Z,7421ee7f1c9e02acf09577d52e20f588936e9b45,full,20260911,0,16777216,2097152,16777216,33554432,B_SEQ_INDEX,9,27,1,2097152,1833500,0.8742809295654297,8.521952549768203,1072693248.0,1072693248.0,True
ACE-EG01-MEMORY-001,20260911T145240Z,7421ee7f1c9e02acf09577d52e20f588936e9b45,full,20260911,0,16777216,2097152,16777216,33554432,C_RANDOM_INDEX,7,28,1,2097152,4443000,2.1185874938964844,3.5167679495836146,1072693248.0,1072693248.0,True
ACE-EG01-MEMORY-001,20260911T145240Z,7421ee7f1c9e02acf09577d52e20f588936e9b45,full,20260911,0,16777216,2097152,0,16777216,A_DIRECT,7,29,1,2097152,1010200,0.4817008972167969,15.467234211047318,1072693248.0,1072693248.0,True
ACE-EG01-MEMORY-001,20260911T145240Z,7421ee7f1c9e02acf09577d52e20f588936e9b45,full,20260911,0,16777216,2097152,0,16777216,A_DIRECT,8,30,1,2097152,1009000,0.4811286926269531,15.485629335976215,1072693248.0,1072693248.0,True
ACE-EG01-MEMORY-001,20260911T145240Z,7421ee7f1c9e02acf09577d52e20f588936e9b45,full,20260911,0,16777216,2097152,16777216,33554432,D_POINTER_CHASE,7,31,1,2097152,105560100,50.334978103637695,0.14801994314139527,1072693248.0,1072693248.0,True
ACE-EG01-MEMORY-001,20260911T145240Z,7421ee7f1c9e02acf09577d52e20f588936e9b45,full,20260911,0,16777216,2097152,16777216,33554432,D_POINTER_CHASE,8,32,1,2097152,108444500,51.71036720275879,0.1440829179903084,1072693248.0,1072693248.0,True
ACE-EG01-MEMORY-001,20260911T145240Z,7421ee7f1c9e02acf09577d52e20f588936e9b45,full,20260911,0,16777216,2097152,16777216,33554432,C_RANDOM_INDEX,8,33,1,2097152,4571700,2.1799564361572266,3.4177658201544285,1072693248.0,1072693248.0,True
ACE-EG01-MEMORY-001,20260911T145240Z,7421ee7f1c9e02acf09577d52e20f588936e9b45,full,20260911,0,16777216,2097152,0,16777216,A_DIRECT,9,34,1,2097152,944100,0.4501819610595703,16.55015358542527,1072693248.0,1072693248.0,True
ACE-EG01-MEMORY-001,20260911T145240Z,7421ee7f1c9e02acf09577d52e20f588936e9b45,full,20260911,0,16777216,2097152,16777216,33554432,D_POINTER_CHASE,9,35,1,2097152,103721100,49.45807456970215,0.15064437226369562,1072693248.0,1072693248.0,True
ACE-EG01-MEMORY-001,20260911T145240Z,7421ee7f1c9e02acf09577d52e20f588936e9b45,full,20260911,0,16777216,2097152,16777216,33554432,C_RANDOM_INDEX,9,36,1,2097152,4677100,2.230215072631836,3.340745333646918,1072693248.0,1072693248.0,True
ACE-EG01-MEMORY-001,20260911T145240Z,7421ee7f1c9e02acf09577d52e20f588936e9b45,full,20260911,0,33554432,4194304,0,33554432,A_DIRECT,1,1,1,4194304,1947400,0.4642963409423828,16.04703707507446,2145386496.0,2145386496.0,True
ACE-EG01-MEMORY-001,20260911T145240Z,7421ee7f1c9e02acf09577d52e20f588936e9b45,full,20260911,0,33554432,4194304,33554432,67108864,D_POINTER_CHASE,1,2,1,4194304,415844400,99.1450309753418,0.07514830066245932,2145386496.0,2145386496.0,True
ACE-EG01-MEMORY-001,20260911T145240Z,7421ee7f1c9e02acf09577d52e20f588936e9b45,full,20260911,0,33554432,4194304,0,33554432,A_DIRECT,2,3,1,4194304,2280500,0.5437135696411133,13.703135277351459,2145386496.0,2145386496.0,True
ACE-EG01-MEMORY-001,20260911T145240Z,7421ee7f1c9e02acf09577d52e20f588936e9b45,full,20260911,0,33554432,4194304,33554432,67108864,C_RANDOM_INDEX,1,4,1,4194304,13868900,3.30660343170166,2.2532428671343796,2145386496.0,2145386496.0,True
ACE-EG01-MEMORY-001,20260911T145240Z,7421ee7f1c9e02acf09577d52e20f588936e9b45,full,20260911,0,33554432,4194304,33554432,67108864,B_SEQ_INDEX,1,5,1,4194304,4193400,0.9997844696044922,7.452186769685697,2145386496.0,2145386496.0,True
ACE-EG01-MEMORY-001,20260911T145240Z,7421ee7f1c9e02acf09577d52e20f588936e9b45,full,20260911,0,33554432,4194304,0,33554432,A_DIRECT,3,6,1,4194304,4128500,0.9843111038208008,7.569335109603972,2145386496.0,2145386496.0,True
ACE-EG01-MEMORY-001,20260911T145240Z,7421ee7f1c9e02acf09577d52e20f588936e9b45,full,20260911,0,33554432,4194304,33554432,67108864,D_POINTER_CHASE,2,7,1,4194304,447811600,106.76660537719727,0.06978381087046429,2145386496.0,2145386496.0,True
ACE-EG01-MEMORY-001,20260911T145240Z,7421ee7f1c9e02acf09577d52e20f588936e9b45,full,20260911,0,33554432,4194304,33554432,67108864,B_SEQ_INDEX,2,8,1,4194304,3733200,0.8900642395019531,8.37083467266688,2145386496.0,2145386496.0,True
ACE-EG01-MEMORY-001,20260911T145240Z,7421ee7f1c9e02acf09577d52e20f588936e9b45,full,20260911,0,33554432,4194304,0,33554432,A_DIRECT,4,9,1,4194304,2075100,0.49474239349365234,15.059515204086551,2145386496.0,2145386496.0,True
ACE-EG01-MEMORY-001,20260911T145240Z,7421ee7f1c9e02acf09577d52e20f588936e9b45,full,20260911,0,33554432,4194304,33554432,67108864,C_RANDOM_INDEX,2,10,1,4194304,13450900,3.206944465637207,2.3232646142637297,2145386496.0,2145386496.0,True
ACE-EG01-MEMORY-001,20260911T145240Z,7421ee7f1c9e02acf09577d52e20f588936e9b45,full,20260911,0,33554432,4194304,33554432,67108864,C_RANDOM_INDEX,3,11,1,4194304,12943600,3.0859947204589844,2.414320590871164,2145386496.0,2145386496.0,True
ACE-EG01-MEMORY-001,20260911T145240Z,7421ee7f1c9e02acf09577d52e20f588936e9b45,full,20260911,0,33554432,4194304,33554432,67108864,D_POINTER_CHASE,3,12,1,4194304,422576100,100.74999332427979,0.0739511770779275,2145386496.0,2145386496.0,True
ACE-EG01-MEMORY-001,20260911T145240Z,7421ee7f1c9e02acf09577d52e20f588936e9b45,full,20260911,0,33554432,4194304,33554432,67108864,C_RANDOM_INDEX,4,13,1,4194304,14642200,3.4909725189208984,2.134242122085479,2145386496.0,2145386496.0,True
ACE-EG01-MEMORY-001,20260911T145240Z,7421ee7f1c9e02acf09577d52e20f588936e9b45,full,20260911,0,33554432,4194304,33554432,67108864,D_POINTER_CHASE,4,14,1,4194304,433118600,103.26352119445801,0.07215113827944586,2145386496.0,2145386496.0,True
ACE-EG01-MEMORY-001,20260911T145240Z,7421ee7f1c9e02acf09577d52e20f588936e9b45,full,20260911,0,33554432,4194304,33554432,67108864,D_POINTER_CHASE,5,15,1,4194304,386774600,92.2142505645752,0.08079641217391213,2145386496.0,2145386496.0,True
ACE-EG01-MEMORY-001,20260911T145240Z,7421ee7f1c9e02acf09577d52e20f588936e9b45,full,20260911,0,33554432,4194304,33554432,67108864,D_POINTER_CHASE,6,16,1,4194304,498616700,118.87948513031006,0.06267339220687955,2145386496.0,2145386496.0,True
ACE-EG01-MEMORY-001,20260911T145240Z,7421ee7f1c9e02acf09577d52e20f588936e9b45,full,20260911,0,33554432,4194304,33554432,67108864,B_SEQ_INDEX,3,17,1,4194304,3564500,0.8498430252075195,8.767007995511293,2145386496.0,2145386496.0,True
ACE-EG01-MEMORY-001,20260911T145240Z,7421ee7f1c9e02acf09577d52e20f588936e9b45,full,20260911,0,33554432,4194304,33554432,67108864,D_POINTER_CHASE,7,18,1,4194304,482476300,115.0313138961792,0.06477002082796605,2145386496.0,2145386496.0,True
ACE-EG01-MEMORY-001,20260911T145240Z,7421ee7f1c9e02acf09577d52e20f588936e9b45,full,20260911,0,33554432,4194304,33554432,67108864,C_RANDOM_INDEX,5,19,1,4194304,14740100,3.5143136978149414,2.1200670280391583,2145386496.0,2145386496.0,True
ACE-EG01-MEMORY-001,20260911T145240Z,7421ee7f1c9e02acf09577d52e20f588936e9b45,full,20260911,0,33554432,4194304,33554432,67108864,B_SEQ_INDEX,4,20,1,4194304,3393900,0.809168815612793,9.207696160759008,2145386496.0,2145386496.0,True
ACE-EG01-MEMORY-001,20260911T145240Z,7421ee7f1c9e02acf09577d52e20f588936e9b45,full,20260911,0,33554432,4194304,33554432,67108864,B_SEQ_INDEX,5,21,1,4194304,4471000,1.065969467163086,6.989487810333259,2145386496.0,2145386496.0,True
ACE-EG01-MEMORY-001,20260911T145240Z,7421ee7f1c9e02acf09577d52e20f588936e9b45,full,20260911,0,33554432,4194304,33554432,67108864,C_RANDOM_INDEX,6,22,1,4194304,13003500,3.100275993347168,2.4031991386934286,2145386496.0,2145386496.0,True
ACE-EG01-MEMORY-001,20260911T145240Z,7421ee7f1c9e02acf09577d52e20f588936e9b45,full,20260911,0,33554432,4194304,33554432,67108864,B_SEQ_INDEX,6,23,1,4194304,3608700,0.8603811264038086,8.659628120929975,2145386496.0,2145386496.0,True
ACE-EG01-MEMORY-001,20260911T145240Z,7421ee7f1c9e02acf09577d52e20f588936e9b45,full,20260911,0,33554432,4194304,33554432,67108864,D_POINTER_CHASE,8,24,1,4194304,433833000,103.43384742736816,0.07203232580278586,2145386496.0,2145386496.0,True
ACE-EG01-MEMORY-001,20260911T145240Z,7421ee7f1c9e02acf09577d52e20f588936e9b45,full,20260911,0,33554432,4194304,0,33554432,A_DIRECT,5,25,1,4194304,2147500,0.5120038986206055,14.551804423748544,2145386496.0,2145386496.0,True
ACE-EG01-MEMORY-001,20260911T145240Z,7421ee7f1c9e02acf09577d52e20f588936e9b45,full,20260911,0,33554432,4194304,33554432,67108864,B_SEQ_INDEX,7,26,1,4194304,3289300,0.7842302322387695,9.500501626485878,2145386496.0,2145386496.0,True
ACE-EG01-MEMORY-001,20260911T145240Z,7421ee7f1c9e02acf09577d52e20f588936e9b45,full,20260911,0,33554432,4194304,0,33554432,A_DIRECT,6,27,1,4194304,2317900,0.5526304244995117,13.482031148884767,2145386496.0,2145386496.0,True
ACE-EG01-MEMORY-001,20260911T145240Z,7421ee7f1c9e02acf09577d52e20f588936e9b45,full,20260911,0,33554432,4194304,33554432,67108864,B_SEQ_INDEX,8,28,1,4194304,3514500,0.8379220962524414,8.891734243846921,2145386496.0,2145386496.0,True
ACE-EG01-MEMORY-001,20260911T145240Z,7421ee7f1c9e02acf09577d52e20f588936e9b45,full,20260911,0,33554432,4194304,0,33554432,A_DIRECT,7,29,1,4194304,2269400,0.5410671234130859,13.770159513527805,2145386496.0,2145386496.0,True
ACE-EG01-MEMORY-001,20260911T145240Z,7421ee7f1c9e02acf09577d52e20f588936e9b45,full,20260911,0,33554432,4194304,33554432,67108864,B_SEQ_INDEX,9,30,1,4194304,3533500,0.8424520492553711,8.8439224564879,2145386496.0,2145386496.0,True
ACE-EG01-MEMORY-001,20260911T145240Z,7421ee7f1c9e02acf09577d52e20f588936e9b45,full,20260911,0,33554432,4194304,33554432,67108864,D_POINTER_CHASE,9,31,1,4194304,427753000,101.98426246643066,0.07305617961767656,2145386496.0,2145386496.0,True
ACE-EG01-MEMORY-001,20260911T145240Z,7421ee7f1c9e02acf09577d52e20f588936e9b45,full,20260911,0,33554432,4194304,33554432,67108864,C_RANDOM_INDEX,7,32,1,4194304,13555300,3.23183536529541,2.30537133077099,2145386496.0,2145386496.0,True
ACE-EG01-MEMORY-001,20260911T145240Z,7421ee7f1c9e02acf09577d52e20f588936e9b45,full,20260911,0,33554432,4194304,0,33554432,A_DIRECT,8,33,1,4194304,2366800,0.5642890930175781,13.203481494000338,2145386496.0,2145386496.0,True
ACE-EG01-MEMORY-001,20260911T145240Z,7421ee7f1c9e02acf09577d52e20f588936e9b45,full,20260911,0,33554432,4194304,33554432,67108864,C_RANDOM_INDEX,8,34,1,4194304,13159000,3.137350082397461,2.374800516756592,2145386496.0,2145386496.0,True
ACE-EG01-MEMORY-001,20260911T145240Z,7421ee7f1c9e02acf09577d52e20f588936e9b45,full,20260911,0,33554432,4194304,33554432,67108864,C_RANDOM_INDEX,9,35,1,4194304,13064900,3.114914894104004,2.3919050279757212,2145386496.0,2145386496.0,True
ACE-EG01-MEMORY-001,20260911T145240Z,7421ee7f1c9e02acf09577d52e20f588936e9b45,full,20260911,0,33554432,4194304,0,33554432,A_DIRECT,9,36,1,4194304,2095700,0.49965381622314453,14.911485422531852,2145386496.0,2145386496.0,True
ACE-EG01-MEMORY-001,20260911T145240Z,7421ee7f1c9e02acf09577d52e20f588936e9b45,full,20260911,0,67108864,8388608,67108864,134217728,D_POINTER_CHASE,1,1,1,8388608,975611400,116.30194187164307,0.06406239205486938,4290772992.0,4290772992.0,True
ACE-EG01-MEMORY-001,20260911T145240Z,7421ee7f1c9e02acf09577d52e20f588936e9b45,full,20260911,0,67108864,8388608,67108864,134217728,B_SEQ_INDEX,1,2,1,8388608,7441800,0.8871316909790039,8.39850573785912,4290772992.0,4290772992.0,True
ACE-EG01-MEMORY-001,20260911T145240Z,7421ee7f1c9e02acf09577d52e20f588936e9b45,full,20260911,0,67108864,8388608,0,67108864,A_DIRECT,1,3,1,8388608,4445800,0.5299806594848633,14.058212245265194,4290772992.0,4290772992.0,True
ACE-EG01-MEMORY-001,20260911T145240Z,7421ee7f1c9e02acf09577d52e20f588936e9b45,full,20260911,0,67108864,8388608,67108864,134217728,D_POINTER_CHASE,2,4,1,8388608,1005714000,119.89045143127441,0.06214490401843864,4290772992.0,4290772992.0,True
ACE-EG01-MEMORY-001,20260911T145240Z,7421ee7f1c9e02acf09577d52e20f588936e9b45,full,20260911,0,67108864,8388608,0,67108864,A_DIRECT,2,5,1,8388608,3764900,0.44881105422973633,16.60070652606975,4290772992.0,4290772992.0,True
ACE-EG01-MEMORY-001,20260911T145240Z,7421ee7f1c9e02acf09577d52e20f588936e9b45,full,20260911,0,67108864,8388608,67108864,134217728,B_SEQ_INDEX,2,6,1,8388608,6723900,0.801551342010498,9.295200701973558,4290772992.0,4290772992.0,True
ACE-EG01-MEMORY-001,20260911T145240Z,7421ee7f1c9e02acf09577d52e20f588936e9b45,full,20260911,0,67108864,8388608,0,67108864,A_DIRECT,3,7,1,8388608,4473100,0.5332350730895996,13.972412868033356,4290772992.0,4290772992.0,True
ACE-EG01-MEMORY-001,20260911T145240Z,7421ee7f1c9e02acf09577d52e20f588936e9b45,full,20260911,0,67108864,8388608,0,67108864,A_DIRECT,4,8,1,8388608,4628900,0.5518078804016113,13.502127935362614,4290772992.0,4290772992.0,True
ACE-EG01-MEMORY-001,20260911T145240Z,7421ee7f1c9e02acf09577d52e20f588936e9b45,full,20260911,0,67108864,8388608,67108864,134217728,C_RANDOM_INDEX,1,9,1,8388608,34602500,4.124939441680908,1.806227873708547,4290772992.0,4290772992.0,True
ACE-EG01-MEMORY-001,20260911T145240Z,7421ee7f1c9e02acf09577d52e20f588936e9b45,full,20260911,0,67108864,8388608,0,67108864,A_DIRECT,5,10,1,8388608,4420000,0.5269050598144531,14.14027149321267,4290772992.0,4290772992.0,True
ACE-EG01-MEMORY-001,20260911T145240Z,7421ee7f1c9e02acf09577d52e20f588936e9b45,full,20260911,0,67108864,8388608,67108864,134217728,B_SEQ_INDEX,3,11,1,8388608,7710100,0.9191155433654785,8.106250243187507,4290772992.0,4290772992.0,True
ACE-EG01-MEMORY-001,20260911T145240Z,7421ee7f1c9e02acf09577d52e20f588936e9b45,full,20260911,0,67108864,8388608,67108864,134217728,C_RANDOM_INDEX,2,12,1,8388608,35123300,4.187023639678955,1.7794455532367401,4290772992.0,4290772992.0,True
ACE-EG01-MEMORY-001,20260911T145240Z,7421ee7f1c9e02acf09577d52e20f588936e9b45,full,20260911,0,67108864,8388608,67108864,134217728,D_POINTER_CHASE,3,13,1,8388608,1023546600,122.01626300811768,0.061062192967081326,4290772992.0,4290772992.0,True
ACE-EG01-MEMORY-001,20260911T145240Z,7421ee7f1c9e02acf09577d52e20f588936e9b45,full,20260911,0,67108864,8388608,67108864,134217728,D_POINTER_CHASE,4,14,1,8388608,1031028600,122.90818691253662,0.06061907497037425,4290772992.0,4290772992.0,True
ACE-EG01-MEMORY-001,20260911T145240Z,7421ee7f1c9e02acf09577d52e20f588936e9b45,full,20260911,0,67108864,8388608,0,67108864,A_DIRECT,6,15,1,8388608,3686600,0.43947696685791016,16.953290294580373,4290772992.0,4290772992.0,True
ACE-EG01-MEMORY-001,20260911T145240Z,7421ee7f1c9e02acf09577d52e20f588936e9b45,full,20260911,0,67108864,8388608,67108864,134217728,B_SEQ_INDEX,4,16,1,8388608,9142600,1.0898828506469727,6.836129766149672,4290772992.0,4290772992.0,True
ACE-EG01-MEMORY-001,20260911T145240Z,7421ee7f1c9e02acf09577d52e20f588936e9b45,full,20260911,0,67108864,8388608,67108864,134217728,B_SEQ_INDEX,5,17,1,8388608,6910400,0.8237838745117188,9.044338967353555,4290772992.0,4290772992.0,True
ACE-EG01-MEMORY-001,20260911T145240Z,7421ee7f1c9e02acf09577d52e20f588936e9b45,full,20260911,0,67108864,8388608,67108864,134217728,C_RANDOM_INDEX,3,18,1,8388608,36265900,4.323232173919678,1.7233820200243206,4290772992.0,4290772992.0,True
ACE-EG01-MEMORY-001,20260911T145240Z,7421ee7f1c9e02acf09577d52e20f588936e9b45,full,20260911,0,67108864,8388608,67108864,134217728,C_RANDOM_INDEX,4,19,1,8388608,35330200,4.211688041687012,1.7690248003124807,4290772992.0,4290772992.0,True
ACE-EG01-MEMORY-001,20260911T145240Z,7421ee7f1c9e02acf09577d52e20f588936e9b45,full,20260911,0,67108864,8388608,67108864,134217728,C_RANDOM_INDEX,5,20,1,8388608,36508400,4.352140426635742,1.7119347876105224,4290772992.0,4290772992.0,True
ACE-EG01-MEMORY-001,20260911T145240Z,7421ee7f1c9e02acf09577d52e20f588936e9b45,full,20260911,0,67108864,8388608,67108864,134217728,C_RANDOM_INDEX,6,21,1,8388608,39218400,4.675197601318359,1.5936397201313668,4290772992.0,4290772992.0,True
ACE-EG01-MEMORY-001,20260911T145240Z,7421ee7f1c9e02acf09577d52e20f588936e9b45,full,20260911,0,67108864,8388608,0,67108864,A_DIRECT,7,22,1,8388608,5168700,0.616157054901123,12.092015400390814,4290772992.0,4290772992.0,True
ACE-EG01-MEMORY-001,20260911T145240Z,7421ee7f1c9e02acf09577d52e20f588936e9b45,full,20260911,0,67108864,8388608,0,67108864,A_DIRECT,8,23,1,8388608,4289900,0.5113959312438965,14.569104174922492,4290772992.0,4290772992.0,True
ACE-EG01-MEMORY-001,20260911T145240Z,7421ee7f1c9e02acf09577d52e20f588936e9b45,full,20260911,0,67108864,8388608,67108864,134217728,D_POINTER_CHASE,5,24,1,8388608,1104041500,131.61200284957886,0.05661019083068889,4290772992.0,4290772992.0,True
ACE-EG01-MEMORY-001,20260911T145240Z,7421ee7f1c9e02acf09577d52e20f588936e9b45,full,20260911,0,67108864,8388608,67108864,134217728,B_SEQ_INDEX,6,25,1,8388608,6837300,0.8150696754455566,9.141035203954777,4290772992.0,4290772992.0,True
ACE-EG01-MEMORY-001,20260911T145240Z,7421ee7f1c9e02acf09577d52e20f588936e9b45,full,20260911,0,67108864,8388608,67108864,134217728,B_SEQ_INDEX,7,26,1,8388608,7011300,0.8358120918273926,8.914181392894328,4290772992.0,4290772992.0,True
ACE-EG01-MEMORY-001,20260911T145240Z,7421ee7f1c9e02acf09577d52e20f588936e9b45,full,20260911,0,67108864,8388608,67108864,134217728,B_SEQ_INDEX,8,27,1,8388608,7940300,0.9465575218200684,7.871239121947533,4290772992.0,4290772992.0,True
ACE-EG01-MEMORY-001,20260911T145240Z,7421ee7f1c9e02acf09577d52e20f588936e9b45,full,20260911,0,67108864,8388608,0,67108864,A_DIRECT,9,28,1,8388608,4566200,0.5443334579467773,13.687530112566247,4290772992.0,4290772992.0,True
ACE-EG01-MEMORY-001,20260911T145240Z,7421ee7f1c9e02acf09577d52e20f588936e9b45,full,20260911,0,67108864,8388608,67108864,134217728,C_RANDOM_INDEX,7,29,1,8388608,42303600,5.04298210144043,1.4774156336576558,4290772992.0,4290772992.0,True
ACE-EG01-MEMORY-001,20260911T145240Z,7421ee7f1c9e02acf09577d52e20f588936e9b45,full,20260911,0,67108864,8388608,67108864,134217728,D_POINTER_CHASE,6,30,1,8388608,1022357800,121.8745470046997,0.061133196225431057,4290772992.0,4290772992.0,True
ACE-EG01-MEMORY-001,20260911T145240Z,7421ee7f1c9e02acf09577d52e20f588936e9b45,full,20260911,0,67108864,8388608,67108864,134217728,B_SEQ_INDEX,9,31,1,8388608,6933700,0.826561450958252,9.013946377835788,4290772992.0,4290772992.0,True
ACE-EG01-MEMORY-001,20260911T145240Z,7421ee7f1c9e02acf09577d52e20f588936e9b45,full,20260911,0,67108864,8388608,67108864,134217728,C_RANDOM_INDEX,8,32,1,8388608,40016900,4.770386219024658,1.5618401225482232,4290772992.0,4290772992.0,True
ACE-EG01-MEMORY-001,20260911T145240Z,7421ee7f1c9e02acf09577d52e20f588936e9b45,full,20260911,0,67108864,8388608,67108864,134217728,C_RANDOM_INDEX,9,33,1,8388608,36765500,4.382789134979248,1.6999632807931349,4290772992.0,4290772992.0,True
ACE-EG01-MEMORY-001,20260911T145240Z,7421ee7f1c9e02acf09577d52e20f588936e9b45,full,20260911,0,67108864,8388608,67108864,134217728,D_POINTER_CHASE,7,34,1,8388608,964826200,115.01624584197998,0.0647785062221569,4290772992.0,4290772992.0,True
ACE-EG01-MEMORY-001,20260911T145240Z,7421ee7f1c9e02acf09577d52e20f588936e9b45,full,20260911,0,67108864,8388608,67108864,134217728,D_POINTER_CHASE,8,35,1,8388608,1002868900,119.55128908157349,0.062321206690126696,4290772992.0,4290772992.0,True
ACE-EG01-MEMORY-001,20260911T145240Z,7421ee7f1c9e02acf09577d52e20f588936e9b45,full,20260911,0,67108864,8388608,67108864,134217728,D_POINTER_CHASE,9,36,1,8388608,1115821000,133.01622867584229,0.056012568324130846,4290772992.0,4290772992.0,True
ACE-EG01-MEMORY-001,20260911T145240Z,7421ee7f1c9e02acf09577d52e20f588936e9b45,full,20260911,0,134217728,16777216,134217728,268435456,B_SEQ_INDEX,1,1,1,16777216,17133000,1.0212063789367676,7.295861787194304,8581545984.0,8581545984.0,True
ACE-EG01-MEMORY-001,20260911T145240Z,7421ee7f1c9e02acf09577d52e20f588936e9b45,full,20260911,0,134217728,16777216,134217728,268435456,C_RANDOM_INDEX,1,2,1,16777216,102142600,6.0881733894348145,1.2237793046192285,8581545984.0,8581545984.0,True
ACE-EG01-MEMORY-001,20260911T145240Z,7421ee7f1c9e02acf09577d52e20f588936e9b45,full,20260911,0,134217728,16777216,134217728,268435456,B_SEQ_INDEX,2,3,1,16777216,14260000,0.8499622344970703,8.76577840112202,8581545984.0,8581545984.0,True
ACE-EG01-MEMORY-001,20260911T145240Z,7421ee7f1c9e02acf09577d52e20f588936e9b45,full,20260911,0,134217728,16777216,0,134217728,A_DIRECT,1,4,1,16777216,8899000,0.5304217338562012,14.04652208113271,8581545984.0,8581545984.0,True
ACE-EG01-MEMORY-001,20260911T145240Z,7421ee7f1c9e02acf09577d52e20f588936e9b45,full,20260911,0,134217728,16777216,134217728,268435456,D_POINTER_CHASE,1,5,1,16777216,2162829400,128.91467809677124,0.05779466471095686,8581545984.0,8581545984.0,True
ACE-EG01-MEMORY-001,20260911T145240Z,7421ee7f1c9e02acf09577d52e20f588936e9b45,full,20260911,0,134217728,16777216,134217728,268435456,D_POINTER_CHASE,2,6,1,16777216,2228323400,132.81842470169067,0.056095986785401085,8581545984.0,8581545984.0,True
ACE-EG01-MEMORY-001,20260911T145240Z,7421ee7f1c9e02acf09577d52e20f588936e9b45,full,20260911,0,134217728,16777216,134217728,268435456,B_SEQ_INDEX,3,7,1,16777216,15122000,0.901341438293457,8.266102367411719,8581545984.0,8581545984.0,True
ACE-EG01-MEMORY-001,20260911T145240Z,7421ee7f1c9e02acf09577d52e20f588936e9b45,full,20260911,0,134217728,16777216,0,134217728,A_DIRECT,2,8,1,16777216,7969700,0.47503113746643066,15.684404682735863,8581545984.0,8581545984.0,True
ACE-EG01-MEMORY-001,20260911T145240Z,7421ee7f1c9e02acf09577d52e20f588936e9b45,full,20260911,0,134217728,16777216,134217728,268435456,C_RANDOM_INDEX,2,9,1,16777216,98003400,5.841457843780518,1.275465953222031,8581545984.0,8581545984.0,True
ACE-EG01-MEMORY-001,20260911T145240Z,7421ee7f1c9e02acf09577d52e20f588936e9b45,full,20260911,0,134217728,16777216,134217728,268435456,C_RANDOM_INDEX,3,10,1,16777216,93119600,5.550360679626465,1.342359718040026,8581545984.0,8581545984.0,True
ACE-EG01-MEMORY-001,20260911T145240Z,7421ee7f1c9e02acf09577d52e20f588936e9b45,full,20260911,0,134217728,16777216,134217728,268435456,B_SEQ_INDEX,4,11,1,16777216,15355500,0.9152591228485107,8.140405717820977,8581545984.0,8581545984.0,True
ACE-EG01-MEMORY-001,20260911T145240Z,7421ee7f1c9e02acf09577d52e20f588936e9b45,full,20260911,0,134217728,16777216,134217728,268435456,D_POINTER_CHASE,3,12,1,16777216,2167673800,129.20342683792114,0.057665502992193744,8581545984.0,8581545984.0,True
ACE-EG01-MEMORY-001,20260911T145240Z,7421ee7f1c9e02acf09577d52e20f588936e9b45,full,20260911,0,134217728,16777216,134217728,268435456,C_RANDOM_INDEX,4,13,1,16777216,93898800,5.596804618835449,1.3312204202822613,8581545984.0,8581545984.0,True
ACE-EG01-MEMORY-001,20260911T145240Z,7421ee7f1c9e02acf09577d52e20f588936e9b45,full,20260911,0,134217728,16777216,0,134217728,A_DIRECT,3,14,1,16777216,8980600,0.535285472869873,13.918891833507784,8581545984.0,8581545984.0,True
ACE-EG01-MEMORY-001,20260911T145240Z,7421ee7f1c9e02acf09577d52e20f588936e9b45,full,20260911,0,134217728,16777216,134217728,268435456,D_POINTER_CHASE,4,15,1,16777216,2254431700,134.37460064888,0.055446345968254436,8581545984.0,8581545984.0,True
ACE-EG01-MEMORY-001,20260911T145240Z,7421ee7f1c9e02acf09577d52e20f588936e9b45,full,20260911,0,134217728,16777216,134217728,268435456,B_SEQ_INDEX,5,16,1,16777216,13251000,0.7898211479187012,9.43325032073051,8581545984.0,8581545984.0,True
ACE-EG01-MEMORY-001,20260911T145240Z,7421ee7f1c9e02acf09577d52e20f588936e9b45,full,20260911,0,134217728,16777216,0,134217728,A_DIRECT,4,17,1,16777216,8067700,0.48087239265441895,15.493883014985682,8581545984.0,8581545984.0,True
ACE-EG01-MEMORY-001,20260911T145240Z,7421ee7f1c9e02acf09577d52e20f588936e9b45,full,20260911,0,134217728,16777216,0,134217728,A_DIRECT,5,18,1,16777216,9157600,0.5458354949951172,13.649864593343233,8581545984.0,8581545984.0,True
ACE-EG01-MEMORY-001,20260911T145240Z,7421ee7f1c9e02acf09577d52e20f588936e9b45,full,20260911,0,134217728,16777216,134217728,268435456,C_RANDOM_INDEX,5,19,1,16777216,93211300,5.555826425552368,1.341039122938957,8581545984.0,8581545984.0,True
ACE-EG01-MEMORY-001,20260911T145240Z,7421ee7f1c9e02acf09577d52e20f588936e9b45,full,20260911,0,134217728,16777216,134217728,268435456,C_RANDOM_INDEX,6,20,1,16777216,98439800,5.867469310760498,1.2698116005924434,8581545984.0,8581545984.0,True
ACE-EG01-MEMORY-001,20260911T145240Z,7421ee7f1c9e02acf09577d52e20f588936e9b45,full,20260911,0,134217728,16777216,134217728,268435456,B_SEQ_INDEX,6,21,1,16777216,16221400,0.9668707847595215,7.705870023549139,8581545984.0,8581545984.0,True
ACE-EG01-MEMORY-001,20260911T145240Z,7421ee7f1c9e02acf09577d52e20f588936e9b45,full,20260911,0,134217728,16777216,0,134217728,A_DIRECT,6,22,1,16777216,10458300,0.6233632564544678,11.952229329814596,8581545984.0,8581545984.0,True
ACE-EG01-MEMORY-001,20260911T145240Z,7421ee7f1c9e02acf09577d52e20f588936e9b45,full,20260911,0,134217728,16777216,134217728,268435456,D_POINTER_CHASE,5,23,1,16777216,2157466400,128.59501838684082,0.057938329885461944,8581545984.0,8581545984.0,True
ACE-EG01-MEMORY-001,20260911T145240Z,7421ee7f1c9e02acf09577d52e20f588936e9b45,full,20260911,0,134217728,16777216,134217728,268435456,C_RANDOM_INDEX,7,24,1,16777216,97159900,5.791181325912476,1.2865389939676761,8581545984.0,8581545984.0,True
ACE-EG01-MEMORY-001,20260911T145240Z,7421ee7f1c9e02acf09577d52e20f588936e9b45,full,20260911,0,134217728,16777216,134217728,268435456,B_SEQ_INDEX,7,25,1,16777216,15422900,0.9192764759063721,8.104831127738622,8581545984.0,8581545984.0,True
ACE-EG01-MEMORY-001,20260911T145240Z,7421ee7f1c9e02acf09577d52e20f588936e9b45,full,20260911,0,134217728,16777216,0,134217728,A_DIRECT,7,26,1,16777216,8747300,0.5213797092437744,14.290123809632687,8581545984.0,8581545984.0,True
ACE-EG01-MEMORY-001,20260911T145240Z,7421ee7f1c9e02acf09577d52e20f588936e9b45,full,20260911,0,134217728,16777216,134217728,268435456,C_RANDOM_INDEX,8,27,1,16777216,94857000,5.6539177894592285,1.3177730689353448,8581545984.0,8581545984.0,True
ACE-EG01-MEMORY-001,20260911T145240Z,7421ee7f1c9e02acf09577d52e20f588936e9b45,full,20260911,0,134217728,16777216,134217728,268435456,C_RANDOM_INDEX,9,28,1,16777216,92086600,5.488789081573486,1.3574179087945477,8581545984.0,8581545984.0,True
ACE-EG01-MEMORY-001,20260911T145240Z,7421ee7f1c9e02acf09577d52e20f588936e9b45,full,20260911,0,134217728,16777216,0,134217728,A_DIRECT,8,29,1,16777216,9108200,0.5428910255432129,13.723897147625216,8581545984.0,8581545984.0,True
ACE-EG01-MEMORY-001,20260911T145240Z,7421ee7f1c9e02acf09577d52e20f588936e9b45,full,20260911,0,134217728,16777216,134217728,268435456,B_SEQ_INDEX,8,30,1,16777216,14972300,0.892418622970581,8.348750692946307,8581545984.0,8581545984.0,True
ACE-EG01-MEMORY-001,20260911T145240Z,7421ee7f1c9e02acf09577d52e20f588936e9b45,full,20260911,0,134217728,16777216,134217728,268435456,D_POINTER_CHASE,6,31,1,16777216,2185048000,130.23900985717773,0.057206981265400116,8581545984.0,8581545984.0,True
ACE-EG01-MEMORY-001,20260911T145240Z,7421ee7f1c9e02acf09577d52e20f588936e9b45,full,20260911,0,134217728,16777216,134217728,268435456,D_POINTER_CHASE,7,32,1,16777216,2238708000,133.4373950958252,0.05583577670692203,8581545984.0,8581545984.0,True
ACE-EG01-MEMORY-001,20260911T145240Z,7421ee7f1c9e02acf09577d52e20f588936e9b45,full,20260911,0,134217728,16777216,134217728,268435456,D_POINTER_CHASE,8,33,1,16777216,2236145000,133.28462839126587,0.05589977394131418,8581545984.0,8581545984.0,True
ACE-EG01-MEMORY-001,20260911T145240Z,7421ee7f1c9e02acf09577d52e20f588936e9b45,full,20260911,0,134217728,16777216,134217728,268435456,B_SEQ_INDEX,9,34,1,16777216,13869100,0.8266627788543701,9.012841496564304,8581545984.0,8581545984.0,True
ACE-EG01-MEMORY-001,20260911T145240Z,7421ee7f1c9e02acf09577d52e20f588936e9b45,full,20260911,0,134217728,16777216,0,134217728,A_DIRECT,9,35,1,16777216,8337700,0.4969656467437744,14.992144116482963,8581545984.0,8581545984.0,True
ACE-EG01-MEMORY-001,20260911T145240Z,7421ee7f1c9e02acf09577d52e20f588936e9b45,full,20260911,0,134217728,16777216,134217728,268435456,D_POINTER_CHASE,9,36,1,16777216,2193569700,130.74694275856018,0.05698474044385278,8581545984.0,8581545984.0,True
ACE-EG01-MEMORY-001,20260911T145240Z,7421ee7f1c9e02acf09577d52e20f588936e9b45,full,20260911,0,268435456,33554432,268435456,536870912,D_POINTER_CHASE,1,1,1,33554432,4484276200,133.64184498786926,0.05575035721483882,17163091968.0,17163091968.0,True
ACE-EG01-MEMORY-001,20260911T145240Z,7421ee7f1c9e02acf09577d52e20f588936e9b45,full,20260911,0,268435456,33554432,268435456,536870912,B_SEQ_INDEX,1,2,1,33554432,27198500,0.810578465461731,9.191683364891446,17163091968.0,17163091968.0,True
ACE-EG01-MEMORY-001,20260911T145240Z,7421ee7f1c9e02acf09577d52e20f588936e9b45,full,20260911,0,268435456,33554432,268435456,536870912,C_RANDOM_INDEX,1,3,1,33554432,221559400,6.602984666824341,1.1283655760035458,17163091968.0,17163091968.0,True
ACE-EG01-MEMORY-001,20260911T145240Z,7421ee7f1c9e02acf09577d52e20f588936e9b45,full,20260911,0,268435456,33554432,268435456,536870912,B_SEQ_INDEX,2,4,1,33554432,27138100,0.8087784051895142,9.21214086468839,17163091968.0,17163091968.0,True
ACE-EG01-MEMORY-001,20260911T145240Z,7421ee7f1c9e02acf09577d52e20f588936e9b45,full,20260911,0,268435456,33554432,268435456,536870912,D_POINTER_CHASE,2,5,1,33554432,4480061900,133.5162490606308,0.055802800403271215,17163091968.0,17163091968.0,True
ACE-EG01-MEMORY-001,20260911T145240Z,7421ee7f1c9e02acf09577d52e20f588936e9b45,full,20260911,0,268435456,33554432,0,268435456,A_DIRECT,1,6,1,33554432,16038300,0.47797858715057373,15.587686974305258,17163091968.0,17163091968.0,True
ACE-EG01-MEMORY-001,20260911T145240Z,7421ee7f1c9e02acf09577d52e20f588936e9b45,full,20260911,0,268435456,33554432,268435456,536870912,B_SEQ_INDEX,3,7,1,33554432,27207100,0.8108347654342651,9.188777929290515,17163091968.0,17163091968.0,True
ACE-EG01-MEMORY-001,20260911T145240Z,7421ee7f1c9e02acf09577d52e20f588936e9b45,full,20260911,0,268435456,33554432,268435456,536870912,B_SEQ_INDEX,4,8,1,33554432,27873200,0.830686092376709,8.969189041803595,17163091968.0,17163091968.0,True
ACE-EG01-MEMORY-001,20260911T145240Z,7421ee7f1c9e02acf09577d52e20f588936e9b45,full,20260911,0,268435456,33554432,268435456,536870912,C_RANDOM_INDEX,2,9,1,33554432,222955700,6.64459764957428,1.1212989845067876,17163091968.0,17163091968.0,True
ACE-EG01-MEMORY-001,20260911T145240Z,7421ee7f1c9e02acf09577d52e20f588936e9b45,full,20260911,0,268435456,33554432,268435456,536870912,C_RANDOM_INDEX,3,10,1,33554432,217248600,6.474512815475464,1.1507554018760076,17163091968.0,17163091968.0,True
ACE-EG01-MEMORY-001,20260911T145240Z,7421ee7f1c9e02acf09577d52e20f588936e9b45,full,20260911,0,268435456,33554432,268435456,536870912,D_POINTER_CHASE,3,11,1,33554432,4453885800,132.73614048957825,0.056130761143449164,17163091968.0,17163091968.0,True
ACE-EG01-MEMORY-001,20260911T145240Z,7421ee7f1c9e02acf09577d52e20f588936e9b45,full,20260911,0,268435456,33554432,268435456,536870912,B_SEQ_INDEX,5,12,1,33554432,26891400,0.8014261722564697,9.296652461381706,17163091968.0,17163091968.0,True
ACE-EG01-MEMORY-001,20260911T145240Z,7421ee7f1c9e02acf09577d52e20f588936e9b45,full,20260911,0,268435456,33554432,0,268435456,A_DIRECT,2,13,1,33554432,14870700,0.4431813955307007,16.81158250788463,17163091968.0,17163091968.0,True
ACE-EG01-MEMORY-001,20260911T145240Z,7421ee7f1c9e02acf09577d52e20f588936e9b45,full,20260911,0,268435456,33554432,0,268435456,A_DIRECT,3,14,1,33554432,16122700,0.4804939031600952,15.506087690027105,17163091968.0,17163091968.0,True
ACE-EG01-MEMORY-001,20260911T145240Z,7421ee7f1c9e02acf09577d52e20f588936e9b45,full,20260911,0,268435456,33554432,0,268435456,A_DIRECT,4,15,1,33554432,15719600,0.46848058700561523,15.903712562660628,17163091968.0,17163091968.0,True
ACE-EG01-MEMORY-001,20260911T145240Z,7421ee7f1c9e02acf09577d52e20f588936e9b45,full,20260911,0,268435456,33554432,0,268435456,A_DIRECT,5,16,1,33554432,16049500,0.4783123731613159,15.576809246393967,17163091968.0,17163091968.0,True
ACE-EG01-MEMORY-001,20260911T145240Z,7421ee7f1c9e02acf09577d52e20f588936e9b45,full,20260911,0,268435456,33554432,268435456,536870912,D_POINTER_CHASE,4,17,1,33554432,4495293900,133.97019803524017,0.05561371638014591,17163091968.0,17163091968.0,True
ACE-EG01-MEMORY-001,20260911T145240Z,7421ee7f1c9e02acf09577d52e20f588936e9b45,full,20260911,0,268435456,33554432,268435456,536870912,D_POINTER_CHASE,5,18,1,33554432,4404826900,131.27407133579254,0.05675591928481912,17163091968.0,17163091968.0,True
ACE-EG01-MEMORY-001,20260911T145240Z,7421ee7f1c9e02acf09577d52e20f588936e9b45,full,20260911,0,268435456,33554432,268435456,536870912,B_SEQ_INDEX,6,19,1,33554432,33261900,0.9912818670272827,7.516107017338157,17163091968.0,17163091968.0,True
ACE-EG01-MEMORY-001,20260911T145240Z,7421ee7f1c9e02acf09577d52e20f588936e9b45,full,20260911,0,268435456,33554432,268435456,536870912,C_RANDOM_INDEX,4,20,1,33554432,222099000,6.619065999984741,1.1256241585959414,17163091968.0,17163091968.0,True
ACE-EG01-MEMORY-001,20260911T145240Z,7421ee7f1c9e02acf09577d52e20f588936e9b45,full,20260911,0,268435456,33554432,268435456,536870912,C_RANDOM_INDEX,5,21,1,33554432,222789600,6.639647483825684,1.1221349650073433,17163091968.0,17163091968.0,True
ACE-EG01-MEMORY-001,20260911T145240Z,7421ee7f1c9e02acf09577d52e20f588936e9b45,full,20260911,0,268435456,33554432,268435456,536870912,B_SEQ_INDEX,7,22,1,33554432,27516200,0.8200466632843018,9.085556871951795,17163091968.0,17163091968.0,True
ACE-EG01-MEMORY-001,20260911T145240Z,7421ee7f1c9e02acf09577d52e20f588936e9b45,full,20260911,0,268435456,33554432,268435456,536870912,B_SEQ_INDEX,8,23,1,33554432,29571800,0.8813083171844482,8.454000094684801,17163091968.0,17163091968.0,True
ACE-EG01-MEMORY-001,20260911T145240Z,7421ee7f1c9e02acf09577d52e20f588936e9b45,full,20260911,0,268435456,33554432,268435456,536870912,D_POINTER_CHASE,6,24,1,33554432,4491782200,133.8655412197113,0.055657195489131235,17163091968.0,17163091968.0,True
ACE-EG01-MEMORY-001,20260911T145240Z,7421ee7f1c9e02acf09577d52e20f588936e9b45,full,20260911,0,268435456,33554432,268435456,536870912,D_POINTER_CHASE,7,25,1,33554432,4418169300,131.67170584201813,0.056584522462731345,17163091968.0,17163091968.0,True
ACE-EG01-MEMORY-001,20260911T145240Z,7421ee7f1c9e02acf09577d52e20f588936e9b45,full,20260911,0,268435456,33554432,0,268435456,A_DIRECT,6,26,1,33554432,15165000,0.4519522190093994,16.485328058028355,17163091968.0,17163091968.0,True
ACE-EG01-MEMORY-001,20260911T145240Z,7421ee7f1c9e02acf09577d52e20f588936e9b45,full,20260911,0,268435456,33554432,268435456,536870912,C_RANDOM_INDEX,6,27,1,33554432,221884400,6.612670421600342,1.1267128288424062,17163091968.0,17163091968.0,True
ACE-EG01-MEMORY-001,20260911T145240Z,7421ee7f1c9e02acf09577d52e20f588936e9b45,full,20260911,0,268435456,33554432,268435456,536870912,C_RANDOM_INDEX,7,28,1,33554432,217324700,6.4767807722091675,1.1503524449820937,17163091968.0,17163091968.0,True
ACE-EG01-MEMORY-001,20260911T145240Z,7421ee7f1c9e02acf09577d52e20f588936e9b45,full,20260911,0,268435456,33554432,0,268435456,A_DIRECT,7,29,1,33554432,16608500,0.4949718713760376,15.05253334136135,17163091968.0,17163091968.0,True
ACE-EG01-MEMORY-001,20260911T145240Z,7421ee7f1c9e02acf09577d52e20f588936e9b45,full,20260911,0,268435456,33554432,268435456,536870912,C_RANDOM_INDEX,8,30,1,33554432,236077800,7.0356667041778564,1.0589729318046848,17163091968.0,17163091968.0,True
ACE-EG01-MEMORY-001,20260911T145240Z,7421ee7f1c9e02acf09577d52e20f588936e9b45,full,20260911,0,268435456,33554432,0,268435456,A_DIRECT,8,31,1,33554432,17676300,0.5267947912216187,14.143231332348964,17163091968.0,17163091968.0,True
ACE-EG01-MEMORY-001,20260911T145240Z,7421ee7f1c9e02acf09577d52e20f588936e9b45,full,20260911,0,268435456,33554432,268435456,536870912,D_POINTER_CHASE,8,32,1,33554432,4475639900,133.3844631910324,0.05585793441514363,17163091968.0,17163091968.0,True
ACE-EG01-MEMORY-001,20260911T145240Z,7421ee7f1c9e02acf09577d52e20f588936e9b45,full,20260911,0,268435456,33554432,268435456,536870912,C_RANDOM_INDEX,9,33,1,33554432,214184500,6.383195519447327,1.1672179826271276,17163091968.0,17163091968.0,True
ACE-EG01-MEMORY-001,20260911T145240Z,7421ee7f1c9e02acf09577d52e20f588936e9b45,full,20260911,0,268435456,33554432,268435456,536870912,B_SEQ_INDEX,9,34,1,33554432,27368600,0.8156478404998779,9.13455565867454,17163091968.0,17163091968.0,True
ACE-EG01-MEMORY-001,20260911T145240Z,7421ee7f1c9e02acf09577d52e20f588936e9b45,full,20260911,0,268435456,33554432,0,268435456,A_DIRECT,9,35,1,33554432,16420800,0.4893779754638672,15.224593198869727,17163091968.0,17163091968.0,True
ACE-EG01-MEMORY-001,20260911T145240Z,7421ee7f1c9e02acf09577d52e20f588936e9b45,full,20260911,0,268435456,33554432,268435456,536870912,D_POINTER_CHASE,9,36,1,33554432,4428600800,131.98258876800537,0.05645123850404399,17163091968.0,17163091968.0,True
